PRAGMA foreign_keys=OFF;
BEGIN TRANSACTION;
CREATE TABLE "calls" ("id" INTEGER PRIMARY KEY AUTOINCREMENT NOT NULL, "start_time" datetime, "end_time" datetime, "created_at" datetime NOT NULL, "updated_at" datetime NOT NULL, "user_id" integer, "ended" boolean);
INSERT INTO "calls" VALUES(1,'2014-11-02 23:50:53.159231','2014-11-02 23:48:32.079150','2014-11-02 21:31:31.173225','2014-11-02 21:31:31.173225',2,'t');
INSERT INTO "calls" VALUES(2,'2014-11-02 22:08:02.354912','2014-11-02 21:49:15.646491','2014-11-02 21:31:31.355907','2014-11-02 21:31:31.355907',3,'t');
INSERT INTO "calls" VALUES(3,'2014-11-02 22:35:04.420144','2014-11-02 22:28:58.092007','2014-11-02 21:31:31.421091','2014-11-02 21:31:31.421091',4,'t');
INSERT INTO "calls" VALUES(4,'2014-11-02 23:28:59.470833','2014-11-02 23:28:30.227281','2014-11-02 21:31:31.471751','2014-11-02 21:31:31.471751',5,'t');
INSERT INTO "calls" VALUES(5,'2014-11-02 23:20:17.497551','2014-11-02 22:15:18.458662','2014-11-02 21:31:31.499320','2014-11-02 21:31:31.499320',6,'t');
INSERT INTO "calls" VALUES(6,'2014-11-02 23:12:44.572868','2014-11-02 22:25:12.100546','2014-11-02 21:31:31.573772','2014-11-02 21:31:31.573772',7,'t');
INSERT INTO "calls" VALUES(7,'2014-11-02 23:46:35.586071','2014-11-02 21:42:23.752626','2014-11-02 21:31:31.586914','2014-11-02 21:31:31.586914',8,'t');
INSERT INTO "calls" VALUES(8,'2014-11-02 23:44:36.649643','2014-11-02 21:42:04.646213','2014-11-02 21:31:31.650538','2014-11-02 21:31:31.650538',9,'t');
INSERT INTO "calls" VALUES(9,'2014-11-02 22:02:50.692912','2014-11-02 21:55:55.624806','2014-11-02 21:31:31.693899','2014-11-02 21:31:31.693899',10,'t');
INSERT INTO "calls" VALUES(10,'2014-11-02 23:47:09.716757','2014-11-02 22:40:46.150624','2014-11-02 21:31:31.718120','2014-11-02 21:31:31.718120',11,'t');
INSERT INTO "calls" VALUES(11,'2014-11-02 22:42:12.732571','2014-11-02 22:13:16.387384','2014-11-02 21:31:31.733489','2014-11-02 21:31:31.733489',12,'t');
INSERT INTO "calls" VALUES(12,'2014-11-02 21:55:30.809545','2014-11-02 21:53:10.878731','2014-11-02 21:31:31.810494','2014-11-02 21:31:31.810494',13,'t');
INSERT INTO "calls" VALUES(13,'2014-11-02 22:26:49.823168','2014-11-02 22:13:55.418084','2014-11-02 21:31:31.824040','2014-11-02 21:31:31.824040',14,'t');
INSERT INTO "calls" VALUES(14,'2014-11-02 23:50:20.937907','2014-11-02 22:40:58.035029','2014-11-02 21:31:31.938856','2014-11-02 21:31:31.938856',15,'t');
INSERT INTO "calls" VALUES(15,'2014-11-02 21:52:00.010018','2014-11-02 21:45:59.219448','2014-11-02 21:31:32.011005','2014-11-02 21:31:32.011005',16,'t');
INSERT INTO "calls" VALUES(16,'2014-11-02 23:38:09.081280','2014-11-02 21:40:08.793510','2014-11-02 21:31:32.082232','2014-11-02 21:31:32.082232',17,'t');
INSERT INTO "calls" VALUES(17,'2014-11-02 22:36:50.137757','2014-11-02 21:58:11.907082','2014-11-02 21:31:32.138664','2014-11-02 21:31:32.138664',18,'t');
INSERT INTO "calls" VALUES(18,'2014-11-02 22:25:39.203903','2014-11-02 22:25:10.408187','2014-11-02 21:31:32.205142','2014-11-02 21:31:32.205142',19,'t');
INSERT INTO "calls" VALUES(19,'2014-11-02 22:38:21.230084','2014-11-02 21:46:03.955746','2014-11-02 21:31:32.231334','2014-11-02 21:31:32.231334',20,'t');
INSERT INTO "calls" VALUES(20,'2014-11-02 23:51:34.317021','2014-11-02 22:54:31.095227','2014-11-02 21:31:32.318098','2014-11-02 21:31:32.318098',21,'t');
INSERT INTO "calls" VALUES(21,'2014-11-02 23:23:00.380179','2014-11-02 22:58:30.914861','2014-11-02 21:31:32.381807','2014-11-02 21:31:32.381807',22,'t');
INSERT INTO "calls" VALUES(22,'2014-11-02 22:00:03.404775','2014-11-02 21:55:55.316787','2014-11-02 21:31:32.406137','2014-11-02 21:31:32.406137',23,'t');
INSERT INTO "calls" VALUES(23,'2014-11-02 21:32:37.494240','2014-11-02 21:34:45.272849','2014-11-02 21:31:32.495109','2014-11-02 21:31:32.495109',24,'t');
INSERT INTO "calls" VALUES(24,'2014-11-02 22:27:42.570303','2014-11-02 22:03:01.270405','2014-11-02 21:31:32.571210','2014-11-02 21:31:32.571210',25,'t');
INSERT INTO "calls" VALUES(25,'2014-11-02 22:03:08.608856','2014-11-02 21:46:47.661399','2014-11-02 21:31:32.609751','2014-11-02 21:31:32.609751',26,'t');
INSERT INTO "calls" VALUES(26,'2014-11-02 22:31:04.648217','2014-11-02 22:02:22.123429','2014-11-02 21:31:32.649090','2014-11-02 21:31:32.649090',27,'t');
INSERT INTO "calls" VALUES(27,'2014-11-02 22:30:15.766217','2014-11-02 22:19:45.661723','2014-11-02 21:31:32.767540','2014-11-02 21:31:32.767540',28,'t');
INSERT INTO "calls" VALUES(28,'2014-11-02 21:43:15.800078','2014-11-02 21:40:14.537245','2014-11-02 21:31:32.800989','2014-11-02 21:31:32.800989',29,'t');
INSERT INTO "calls" VALUES(29,'2014-11-02 21:46:56.837932','2014-11-02 21:44:39.080950','2014-11-02 21:31:32.838814','2014-11-02 21:31:32.838814',30,'t');
INSERT INTO "calls" VALUES(30,'2014-11-02 23:58:12.897637','2014-11-02 22:36:07.256133','2014-11-02 21:31:32.898587','2014-11-02 21:31:32.898587',31,'t');
INSERT INTO "calls" VALUES(31,'2014-11-02 23:54:37.923855','2014-11-02 21:52:05.120802','2014-11-02 21:31:32.924806','2014-11-02 21:31:32.924806',32,'t');
INSERT INTO "calls" VALUES(32,'2014-11-02 21:33:20.972557','2014-11-02 21:34:59.422342','2014-11-02 21:31:32.973440','2014-11-02 21:31:32.973440',33,'t');
INSERT INTO "calls" VALUES(33,'2014-11-02 23:15:55.985286','2014-11-02 21:57:00.940597','2014-11-02 21:31:32.986220','2014-11-02 21:31:32.986220',34,'t');
INSERT INTO "calls" VALUES(34,'2014-11-02 21:34:39.040723','2014-11-02 21:37:02.251944','2014-11-02 21:31:33.041644','2014-11-02 21:31:33.041644',35,'t');
INSERT INTO "calls" VALUES(35,'2014-11-02 23:41:04.114677','2014-11-02 22:20:29.457895','2014-11-02 21:31:33.115651','2014-11-02 21:31:33.115651',36,'t');
INSERT INTO "calls" VALUES(36,'2014-11-02 23:15:18.173276','2014-11-02 22:53:33.785394','2014-11-02 21:31:33.174206','2014-11-02 21:31:33.174206',37,'t');
INSERT INTO "calls" VALUES(37,'2014-11-02 23:17:30.238467','2014-11-02 22:09:34.048920','2014-11-02 21:31:33.239334','2014-11-02 21:31:33.239334',38,'t');
INSERT INTO "calls" VALUES(38,'2014-11-02 22:33:00.257417','2014-11-02 22:10:08.773691','2014-11-02 21:31:33.258326','2014-11-02 21:31:33.258326',39,'t');
INSERT INTO "calls" VALUES(39,'2014-11-02 23:27:50.289082','2014-11-02 22:31:26.208382','2014-11-02 21:31:33.289982','2014-11-02 21:31:33.289982',40,'t');
INSERT INTO "calls" VALUES(40,'2014-11-02 21:44:22.318305','2014-11-02 21:42:15.083154','2014-11-02 21:31:33.319155','2014-11-02 21:31:33.319155',41,'t');
INSERT INTO "calls" VALUES(41,'2014-11-03 00:11:54.349482','2014-11-02 22:49:27.483767','2014-11-02 21:31:33.350353','2014-11-02 21:31:33.350353',42,'t');
INSERT INTO "calls" VALUES(42,'2014-11-02 21:43:17.374113','2014-11-02 21:41:42.658800','2014-11-02 21:31:33.374950','2014-11-02 21:31:33.374950',43,'t');
INSERT INTO "calls" VALUES(43,'2014-11-02 21:36:37.400844','2014-11-02 21:37:59.570132','2014-11-02 21:31:33.401759','2014-11-02 21:31:33.401759',44,'t');
INSERT INTO "calls" VALUES(44,'2014-11-03 00:13:38.426672','2014-11-02 22:36:28.237498','2014-11-02 21:31:33.427635','2014-11-02 21:31:33.427635',45,'t');
INSERT INTO "calls" VALUES(45,'2014-11-02 23:40:58.455003','2014-11-02 23:13:08.770630','2014-11-02 21:31:33.455868','2014-11-02 21:31:33.455868',46,'t');
INSERT INTO "calls" VALUES(46,'2014-11-02 22:59:16.468194','2014-11-02 22:41:00.293895','2014-11-02 21:31:33.469096','2014-11-02 21:31:33.469096',47,'t');
INSERT INTO "calls" VALUES(47,'2014-11-02 21:42:24.486273','2014-11-02 21:42:14.054142','2014-11-02 21:31:33.487129','2014-11-02 21:31:33.487129',48,'t');
INSERT INTO "calls" VALUES(48,'2014-11-03 00:15:44.643099','2014-11-02 22:05:55.942461','2014-11-02 21:31:33.644260','2014-11-02 21:31:33.644260',49,'t');
INSERT INTO "calls" VALUES(49,'2014-11-02 23:36:57.741473','2014-11-02 22:08:38.875812','2014-11-02 21:31:33.742551','2014-11-02 21:31:33.742551',50,'t');
INSERT INTO "calls" VALUES(50,'2014-11-02 22:07:20.803548','2014-11-02 21:46:41.062699','2014-11-02 21:31:33.804720','2014-11-02 21:31:33.804720',51,'t');
INSERT INTO "calls" VALUES(51,'2014-11-02 23:29:23.864573','2014-11-02 21:48:59.729189','2014-11-02 21:31:33.865771','2014-11-02 21:31:33.865771',52,'t');
INSERT INTO "calls" VALUES(52,'2014-11-02 22:25:36.894469','2014-11-02 22:08:22.340498','2014-11-02 21:31:33.895506','2014-11-02 21:31:33.895506',53,'t');
INSERT INTO "calls" VALUES(53,'2014-11-02 22:54:55.953284','2014-11-02 21:44:44.454920','2014-11-02 21:31:33.954284','2014-11-02 21:31:33.954284',54,'t');
INSERT INTO "calls" VALUES(54,'2014-11-02 23:36:40.024100','2014-11-02 21:43:31.984267','2014-11-02 21:31:34.025149','2014-11-02 21:31:34.025149',55,'t');
INSERT INTO "calls" VALUES(55,'2014-11-02 23:44:53.143578','2014-11-02 23:06:05.913508','2014-11-02 21:31:34.144510','2014-11-02 21:31:34.144510',56,'t');
INSERT INTO "calls" VALUES(56,'2014-11-02 23:41:28.207481','2014-11-02 22:40:36.420268','2014-11-02 21:31:34.208352','2014-11-02 21:31:34.208352',57,'t');
INSERT INTO "calls" VALUES(57,'2014-11-02 21:42:42.258591','2014-11-02 21:38:51.209189','2014-11-02 21:31:34.259480','2014-11-02 21:31:34.259480',58,'t');
INSERT INTO "calls" VALUES(58,'2014-11-03 00:06:26.293639','2014-11-02 22:35:31.873981','2014-11-02 21:31:34.294561','2014-11-02 21:31:34.294561',59,'t');
INSERT INTO "calls" VALUES(59,'2014-11-03 00:17:01.309206','2014-11-02 21:41:12.805746','2014-11-02 21:31:34.310091','2014-11-02 21:31:34.310091',60,'t');
INSERT INTO "calls" VALUES(60,'2014-11-02 21:37:27.367282','2014-11-02 21:38:14.944104','2014-11-02 21:31:34.368202','2014-11-02 21:31:34.368202',61,'t');
INSERT INTO "calls" VALUES(61,'2014-11-02 23:26:46.444202','2014-11-02 22:00:41.066574','2014-11-02 21:31:34.445107','2014-11-02 21:31:34.445107',62,'t');
INSERT INTO "calls" VALUES(62,'2014-11-02 22:19:35.545911','2014-11-02 22:11:56.469618','2014-11-02 21:31:34.546856','2014-11-02 21:31:34.546856',63,'t');
INSERT INTO "calls" VALUES(63,'2014-11-02 23:45:35.565111','2014-11-02 23:04:25.414260','2014-11-02 21:31:34.566013','2014-11-02 21:31:34.566013',64,'t');
INSERT INTO "calls" VALUES(64,'2014-11-03 00:10:10.598536','2014-11-02 21:57:12.329174','2014-11-02 21:31:34.599516','2014-11-02 21:31:34.599516',65,'t');
INSERT INTO "calls" VALUES(65,'2014-11-02 21:31:47.637050','2014-11-02 21:36:20.814995','2014-11-02 21:31:34.637934','2014-11-02 21:31:34.637934',66,'t');
INSERT INTO "calls" VALUES(66,'2014-11-02 23:51:41.701593','2014-11-02 22:49:58.335561','2014-11-02 21:31:34.702520','2014-11-02 21:31:34.702520',67,'t');
INSERT INTO "calls" VALUES(67,'2014-11-03 00:12:16.778058','2014-11-02 23:18:17.058602','2014-11-02 21:31:34.779041','2014-11-02 21:31:34.779041',68,'t');
INSERT INTO "calls" VALUES(68,'2014-11-02 21:55:31.816256','2014-11-02 21:48:28.559277','2014-11-02 21:31:34.817130','2014-11-02 21:31:34.817130',69,'t');
INSERT INTO "calls" VALUES(69,'2014-11-02 22:58:59.854444','2014-11-02 22:32:08.221335','2014-11-02 21:31:34.855321','2014-11-02 21:31:34.855321',70,'t');
INSERT INTO "calls" VALUES(70,'2014-11-02 22:03:14.910579','2014-11-02 21:55:03.451848','2014-11-02 21:31:34.911568','2014-11-02 21:31:34.911568',71,'t');
INSERT INTO "calls" VALUES(71,'2014-11-02 21:44:26.961036','2014-11-02 21:41:39.213293','2014-11-02 21:31:34.961984','2014-11-02 21:31:34.961984',72,'t');
INSERT INTO "calls" VALUES(72,'2014-11-02 23:58:42.025320','2014-11-02 22:25:34.955844','2014-11-02 21:31:35.026290','2014-11-02 21:31:35.026290',73,'t');
INSERT INTO "calls" VALUES(73,'2014-11-02 23:30:59.044295','2014-11-02 22:08:28.950305','2014-11-02 21:31:35.045388','2014-11-02 21:31:35.045388',74,'t');
INSERT INTO "calls" VALUES(74,'2014-11-02 22:54:50.069971','2014-11-02 22:54:11.109849','2014-11-02 21:31:35.070887','2014-11-02 21:31:35.070887',75,'t');
INSERT INTO "calls" VALUES(75,'2014-11-02 22:42:09.130982','2014-11-02 22:32:32.109283','2014-11-02 21:31:35.131992','2014-11-02 21:31:35.131992',76,'t');
INSERT INTO "calls" VALUES(76,'2014-11-03 00:15:06.189027','2014-11-02 21:42:14.477645','2014-11-02 21:31:35.189880','2014-11-02 21:31:35.189880',77,'t');
INSERT INTO "calls" VALUES(77,'2014-11-02 22:27:29.234814','2014-11-02 22:08:40.391315','2014-11-02 21:31:35.235737','2014-11-02 21:31:35.235737',78,'t');
INSERT INTO "calls" VALUES(78,'2014-11-02 22:38:35.247386','2014-11-02 22:13:19.592100','2014-11-02 21:31:35.248295','2014-11-02 21:31:35.248295',79,'t');
INSERT INTO "calls" VALUES(79,'2014-11-02 21:42:36.382218','2014-11-02 21:42:22.295409','2014-11-02 21:31:35.383138','2014-11-02 21:31:35.383138',80,'t');
INSERT INTO "calls" VALUES(80,'2014-11-03 00:09:28.395486','2014-11-02 21:53:12.125126','2014-11-02 21:31:35.396348','2014-11-02 21:31:35.396348',81,'t');
INSERT INTO "calls" VALUES(81,'2014-11-02 21:56:39.422005','2014-11-02 21:43:42.721692','2014-11-02 21:31:35.422897','2014-11-02 21:31:35.422897',82,'t');
INSERT INTO "calls" VALUES(82,'2014-11-02 23:09:03.473214','2014-11-02 22:51:13.907825','2014-11-02 21:31:35.474102','2014-11-02 21:31:35.474102',83,'t');
INSERT INTO "calls" VALUES(83,'2014-11-02 23:16:39.547134','2014-11-02 21:56:17.581212','2014-11-02 21:31:35.548417','2014-11-02 21:31:35.548417',84,'t');
INSERT INTO "calls" VALUES(84,'2014-11-03 00:12:59.629033','2014-11-02 23:11:11.331828','2014-11-02 21:31:35.629932','2014-11-02 21:31:35.629932',85,'t');
INSERT INTO "calls" VALUES(85,'2014-11-02 22:37:07.654307','2014-11-02 22:29:33.042954','2014-11-02 21:31:35.655382','2014-11-02 21:31:35.655382',86,'t');
INSERT INTO "calls" VALUES(86,'2014-11-02 21:36:24.672603','2014-11-02 21:37:06.180900','2014-11-02 21:31:35.673493','2014-11-02 21:31:35.673493',87,'t');
INSERT INTO "calls" VALUES(87,'2014-11-02 23:46:27.717138','2014-11-02 21:38:43.578435','2014-11-02 21:31:35.718126','2014-11-02 21:31:35.718126',88,'t');
INSERT INTO "calls" VALUES(88,'2014-11-03 00:01:04.749369','2014-11-02 23:35:28.901981','2014-11-02 21:31:35.750308','2014-11-02 21:31:35.750308',89,'t');
INSERT INTO "calls" VALUES(89,'2014-11-02 21:39:18.825302','2014-11-02 21:39:10.471288','2014-11-02 21:31:35.826259','2014-11-02 21:31:35.826259',90,'t');
INSERT INTO "calls" VALUES(90,'2014-11-03 00:06:20.900228','2014-11-02 23:30:12.807788','2014-11-02 21:31:35.901186','2014-11-02 21:31:35.901186',91,'t');
INSERT INTO "calls" VALUES(91,'2014-11-02 22:29:08.958193','2014-11-02 22:18:04.027798','2014-11-02 21:31:35.959166','2014-11-02 21:31:35.959166',92,'t');
INSERT INTO "calls" VALUES(92,'2014-11-02 22:55:00.013192','2014-11-02 22:19:04.700669','2014-11-02 21:31:36.014026','2014-11-02 21:31:36.014026',93,'t');
INSERT INTO "calls" VALUES(93,'2014-11-02 21:43:26.025960','2014-11-02 21:39:02.009017','2014-11-02 21:31:36.026843','2014-11-02 21:31:36.026843',94,'t');
INSERT INTO "calls" VALUES(94,'2014-11-02 22:10:57.075931','2014-11-02 21:51:42.971606','2014-11-02 21:31:36.076936','2014-11-02 21:31:36.076936',95,'t');
INSERT INTO "calls" VALUES(95,'2014-11-02 23:43:55.223128','2014-11-02 22:45:44.708585','2014-11-02 21:31:36.224067','2014-11-02 21:31:36.224067',96,'t');
INSERT INTO "calls" VALUES(96,'2014-11-03 00:16:21.274942','2014-11-02 22:58:05.623742','2014-11-02 21:31:36.276055','2014-11-02 21:31:36.276055',97,'t');
INSERT INTO "calls" VALUES(97,'2014-11-02 22:04:19.335894','2014-11-02 21:40:56.792157','2014-11-02 21:31:36.336903','2014-11-02 21:31:36.336903',98,'t');
INSERT INTO "calls" VALUES(98,'2014-11-03 00:12:28.399922','2014-11-03 00:09:29.326557','2014-11-02 21:31:36.400895','2014-11-02 21:31:36.400895',99,'t');
INSERT INTO "calls" VALUES(99,'2014-11-02 21:50:51.425733','2014-11-02 21:44:09.338578','2014-11-02 21:31:36.426669','2014-11-02 21:31:36.426669',100,'t');
INSERT INTO "calls" VALUES(100,'2014-11-03 16:30:20.107251','2014-11-05 21:39:07.307754','2014-11-03 16:30:20.117667','2014-11-05 21:39:07.314949',1,'t');
INSERT INTO "calls" VALUES(101,'2014-11-05 21:39:07.321218','2014-11-05 21:43:06.835555','2014-11-05 21:39:07.322910','2014-11-05 21:43:06.849239',1,'t');
INSERT INTO "calls" VALUES(102,'2014-11-05 21:43:06.856695','2014-11-05 21:50:06.856699','2014-11-05 21:43:06.858426','2014-11-05 21:43:06.858426',1,'f');
CREATE TABLE "clicks" ("id" INTEGER PRIMARY KEY AUTOINCREMENT NOT NULL, "user_id" integer, "created_at" datetime NOT NULL, "updated_at" datetime NOT NULL, "action_type" varchar, "action_id" integer, "call_id" integer);
INSERT INTO "clicks" VALUES(1,2,'2014-11-02 21:31:31.269676','2014-11-02 21:31:31.269676','Doc',1,1);
INSERT INTO "clicks" VALUES(2,2,'2014-11-02 21:31:31.278499','2014-11-02 21:31:31.278499','Doc',2,1);
INSERT INTO "clicks" VALUES(3,2,'2014-11-02 21:31:31.294962','2014-11-02 21:31:31.294962','Search',1,1);
INSERT INTO "clicks" VALUES(4,2,'2014-11-02 21:31:31.310416','2014-11-02 21:31:31.310416','Tab',1,1);
INSERT INTO "clicks" VALUES(5,2,'2014-11-02 21:31:31.317012','2014-11-02 21:31:31.317012','Tab',2,1);
INSERT INTO "clicks" VALUES(6,2,'2014-11-02 21:31:31.323499','2014-11-02 21:31:31.323499','Search',2,1);
INSERT INTO "clicks" VALUES(7,2,'2014-11-02 21:31:31.329576','2014-11-02 21:31:31.329576','Search',3,1);
INSERT INTO "clicks" VALUES(8,2,'2014-11-02 21:31:31.335967','2014-11-02 21:31:31.335967','Doc',3,1);
INSERT INTO "clicks" VALUES(9,2,'2014-11-02 21:31:31.341964','2014-11-02 21:31:31.341964','Tab',3,1);
INSERT INTO "clicks" VALUES(10,2,'2014-11-02 21:31:31.348250','2014-11-02 21:31:31.348250','Doc',4,1);
INSERT INTO "clicks" VALUES(11,3,'2014-11-02 21:31:31.361498','2014-11-02 21:31:31.361498','Search',4,2);
INSERT INTO "clicks" VALUES(12,3,'2014-11-02 21:31:31.367946','2014-11-02 21:31:31.367946','Tab',4,2);
INSERT INTO "clicks" VALUES(13,3,'2014-11-02 21:31:31.374455','2014-11-02 21:31:31.374455','Search',5,2);
INSERT INTO "clicks" VALUES(14,3,'2014-11-02 21:31:31.380534','2014-11-02 21:31:31.380534','Search',6,2);
INSERT INTO "clicks" VALUES(15,3,'2014-11-02 21:31:31.387595','2014-11-02 21:31:31.387595','Doc',5,2);
INSERT INTO "clicks" VALUES(16,3,'2014-11-02 21:31:31.393896','2014-11-02 21:31:31.393896','Tab',5,2);
INSERT INTO "clicks" VALUES(17,3,'2014-11-02 21:31:31.400538','2014-11-02 21:31:31.400538','Tab',6,2);
INSERT INTO "clicks" VALUES(18,3,'2014-11-02 21:31:31.407077','2014-11-02 21:31:31.407077','Tab',7,2);
INSERT INTO "clicks" VALUES(19,3,'2014-11-02 21:31:31.413894','2014-11-02 21:31:31.413894','Doc',6,2);
INSERT INTO "clicks" VALUES(20,4,'2014-11-02 21:31:31.426644','2014-11-02 21:31:31.426644','Doc',7,3);
INSERT INTO "clicks" VALUES(21,4,'2014-11-02 21:31:31.433532','2014-11-02 21:31:31.433532','Search',7,3);
INSERT INTO "clicks" VALUES(22,4,'2014-11-02 21:31:31.439315','2014-11-02 21:31:31.439315','Search',8,3);
INSERT INTO "clicks" VALUES(23,4,'2014-11-02 21:31:31.445289','2014-11-02 21:31:31.445289','Search',9,3);
INSERT INTO "clicks" VALUES(24,4,'2014-11-02 21:31:31.451686','2014-11-02 21:31:31.451686','Tab',8,3);
INSERT INTO "clicks" VALUES(25,4,'2014-11-02 21:31:31.458321','2014-11-02 21:31:31.458321','Search',10,3);
INSERT INTO "clicks" VALUES(26,4,'2014-11-02 21:31:31.464351','2014-11-02 21:31:31.464351','Search',11,3);
INSERT INTO "clicks" VALUES(27,5,'2014-11-02 21:31:31.476739','2014-11-02 21:31:31.476739','Search',12,4);
INSERT INTO "clicks" VALUES(28,5,'2014-11-02 21:31:31.482960','2014-11-02 21:31:31.482960','Tab',9,4);
INSERT INTO "clicks" VALUES(29,5,'2014-11-02 21:31:31.489553','2014-11-02 21:31:31.489553','Doc',8,4);
INSERT INTO "clicks" VALUES(30,6,'2014-11-02 21:31:31.507690','2014-11-02 21:31:31.507690','Search',13,5);
INSERT INTO "clicks" VALUES(31,6,'2014-11-02 21:31:31.513984','2014-11-02 21:31:31.513984','Search',14,5);
INSERT INTO "clicks" VALUES(32,6,'2014-11-02 21:31:31.520677','2014-11-02 21:31:31.520677','Search',15,5);
INSERT INTO "clicks" VALUES(33,6,'2014-11-02 21:31:31.526952','2014-11-02 21:31:31.526952','Search',16,5);
INSERT INTO "clicks" VALUES(34,6,'2014-11-02 21:31:31.533309','2014-11-02 21:31:31.533309','Doc',9,5);
INSERT INTO "clicks" VALUES(35,6,'2014-11-02 21:31:31.539548','2014-11-02 21:31:31.539548','Search',17,5);
INSERT INTO "clicks" VALUES(36,6,'2014-11-02 21:31:31.546189','2014-11-02 21:31:31.546189','Search',18,5);
INSERT INTO "clicks" VALUES(37,6,'2014-11-02 21:31:31.552443','2014-11-02 21:31:31.552443','Doc',10,5);
INSERT INTO "clicks" VALUES(38,6,'2014-11-02 21:31:31.559255','2014-11-02 21:31:31.559255','Doc',11,5);
INSERT INTO "clicks" VALUES(39,6,'2014-11-02 21:31:31.566379','2014-11-02 21:31:31.566379','Tab',10,5);
INSERT INTO "clicks" VALUES(40,7,'2014-11-02 21:31:31.579255','2014-11-02 21:31:31.579255','Doc',12,6);
INSERT INTO "clicks" VALUES(41,8,'2014-11-02 21:31:31.592048','2014-11-02 21:31:31.592048','Doc',13,7);
INSERT INTO "clicks" VALUES(42,8,'2014-11-02 21:31:31.598559','2014-11-02 21:31:31.598559','Tab',11,7);
INSERT INTO "clicks" VALUES(43,8,'2014-11-02 21:31:31.605025','2014-11-02 21:31:31.605025','Doc',14,7);
INSERT INTO "clicks" VALUES(44,8,'2014-11-02 21:31:31.612028','2014-11-02 21:31:31.612028','Tab',12,7);
INSERT INTO "clicks" VALUES(45,8,'2014-11-02 21:31:31.617838','2014-11-02 21:31:31.617838','Search',19,7);
INSERT INTO "clicks" VALUES(46,8,'2014-11-02 21:31:31.624278','2014-11-02 21:31:31.624278','Tab',13,7);
INSERT INTO "clicks" VALUES(47,8,'2014-11-02 21:31:31.630395','2014-11-02 21:31:31.630395','Doc',15,7);
INSERT INTO "clicks" VALUES(48,8,'2014-11-02 21:31:31.636426','2014-11-02 21:31:31.636426','Tab',14,7);
INSERT INTO "clicks" VALUES(49,8,'2014-11-02 21:31:31.642515','2014-11-02 21:31:31.642515','Doc',16,7);
INSERT INTO "clicks" VALUES(50,9,'2014-11-02 21:31:31.655548','2014-11-02 21:31:31.655548','Search',20,8);
INSERT INTO "clicks" VALUES(51,9,'2014-11-02 21:31:31.662127','2014-11-02 21:31:31.662127','Tab',15,8);
INSERT INTO "clicks" VALUES(52,9,'2014-11-02 21:31:31.668164','2014-11-02 21:31:31.668164','Doc',17,8);
INSERT INTO "clicks" VALUES(53,9,'2014-11-02 21:31:31.674357','2014-11-02 21:31:31.674357','Search',21,8);
INSERT INTO "clicks" VALUES(54,9,'2014-11-02 21:31:31.680460','2014-11-02 21:31:31.680460','Doc',18,8);
INSERT INTO "clicks" VALUES(55,9,'2014-11-02 21:31:31.686734','2014-11-02 21:31:31.686734','Doc',19,8);
INSERT INTO "clicks" VALUES(56,10,'2014-11-02 21:31:31.702127','2014-11-02 21:31:31.702127','Doc',20,9);
INSERT INTO "clicks" VALUES(57,10,'2014-11-02 21:31:31.709855','2014-11-02 21:31:31.709855','Tab',16,9);
INSERT INTO "clicks" VALUES(58,11,'2014-11-02 21:31:31.724519','2014-11-02 21:31:31.724519','Search',22,10);
INSERT INTO "clicks" VALUES(59,12,'2014-11-02 21:31:31.738381','2014-11-02 21:31:31.738381','Search',23,11);
INSERT INTO "clicks" VALUES(60,12,'2014-11-02 21:31:31.744727','2014-11-02 21:31:31.744727','Search',24,11);
INSERT INTO "clicks" VALUES(61,12,'2014-11-02 21:31:31.751097','2014-11-02 21:31:31.751097','Search',25,11);
INSERT INTO "clicks" VALUES(62,12,'2014-11-02 21:31:31.757985','2014-11-02 21:31:31.757985','Doc',21,11);
INSERT INTO "clicks" VALUES(63,12,'2014-11-02 21:31:31.764371','2014-11-02 21:31:31.764371','Doc',22,11);
INSERT INTO "clicks" VALUES(64,12,'2014-11-02 21:31:31.770729','2014-11-02 21:31:31.770729','Tab',17,11);
INSERT INTO "clicks" VALUES(65,12,'2014-11-02 21:31:31.776946','2014-11-02 21:31:31.776946','Search',26,11);
INSERT INTO "clicks" VALUES(66,12,'2014-11-02 21:31:31.783240','2014-11-02 21:31:31.783240','Tab',18,11);
INSERT INTO "clicks" VALUES(67,12,'2014-11-02 21:31:31.789419','2014-11-02 21:31:31.789419','Doc',23,11);
INSERT INTO "clicks" VALUES(68,12,'2014-11-02 21:31:31.795497','2014-11-02 21:31:31.795497','Doc',24,11);
INSERT INTO "clicks" VALUES(69,12,'2014-11-02 21:31:31.802183','2014-11-02 21:31:31.802183','Search',27,11);
INSERT INTO "clicks" VALUES(70,13,'2014-11-02 21:31:31.815973','2014-11-02 21:31:31.815973','Doc',25,12);
INSERT INTO "clicks" VALUES(71,14,'2014-11-02 21:31:31.829368','2014-11-02 21:31:31.829368','Tab',19,13);
INSERT INTO "clicks" VALUES(72,14,'2014-11-02 21:31:31.894368','2014-11-02 21:31:31.894368','Tab',20,13);
INSERT INTO "clicks" VALUES(73,14,'2014-11-02 21:31:31.904184','2014-11-02 21:31:31.904184','Doc',26,13);
INSERT INTO "clicks" VALUES(74,14,'2014-11-02 21:31:31.910773','2014-11-02 21:31:31.910773','Tab',21,13);
INSERT INTO "clicks" VALUES(75,14,'2014-11-02 21:31:31.918025','2014-11-02 21:31:31.918025','Search',28,13);
INSERT INTO "clicks" VALUES(76,14,'2014-11-02 21:31:31.924647','2014-11-02 21:31:31.924647','Search',29,13);
INSERT INTO "clicks" VALUES(77,14,'2014-11-02 21:31:31.931364','2014-11-02 21:31:31.931364','Doc',27,13);
INSERT INTO "clicks" VALUES(78,15,'2014-11-02 21:31:31.944164','2014-11-02 21:31:31.944164','Search',30,14);
INSERT INTO "clicks" VALUES(79,15,'2014-11-02 21:31:31.950791','2014-11-02 21:31:31.950791','Doc',28,14);
INSERT INTO "clicks" VALUES(80,15,'2014-11-02 21:31:31.957644','2014-11-02 21:31:31.957644','Tab',22,14);
INSERT INTO "clicks" VALUES(81,15,'2014-11-02 21:31:31.964270','2014-11-02 21:31:31.964270','Tab',23,14);
INSERT INTO "clicks" VALUES(82,15,'2014-11-02 21:31:31.970721','2014-11-02 21:31:31.970721','Search',31,14);
INSERT INTO "clicks" VALUES(83,15,'2014-11-02 21:31:31.976912','2014-11-02 21:31:31.976912','Search',32,14);
INSERT INTO "clicks" VALUES(84,15,'2014-11-02 21:31:31.984319','2014-11-02 21:31:31.984319','Doc',29,14);
INSERT INTO "clicks" VALUES(85,15,'2014-11-02 21:31:31.990792','2014-11-02 21:31:31.990792','Tab',24,14);
INSERT INTO "clicks" VALUES(86,15,'2014-11-02 21:31:31.997184','2014-11-02 21:31:31.997184','Doc',30,14);
INSERT INTO "clicks" VALUES(87,15,'2014-11-02 21:31:32.003198','2014-11-02 21:31:32.003198','Search',33,14);
INSERT INTO "clicks" VALUES(88,16,'2014-11-02 21:31:32.016291','2014-11-02 21:31:32.016291','Tab',25,15);
INSERT INTO "clicks" VALUES(89,16,'2014-11-02 21:31:32.022560','2014-11-02 21:31:32.022560','Search',34,15);
INSERT INTO "clicks" VALUES(90,16,'2014-11-02 21:31:32.029005','2014-11-02 21:31:32.029005','Doc',31,15);
INSERT INTO "clicks" VALUES(91,16,'2014-11-02 21:31:32.035656','2014-11-02 21:31:32.035656','Search',35,15);
INSERT INTO "clicks" VALUES(92,16,'2014-11-02 21:31:32.042553','2014-11-02 21:31:32.042553','Tab',26,15);
INSERT INTO "clicks" VALUES(93,16,'2014-11-02 21:31:32.049004','2014-11-02 21:31:32.049004','Tab',27,15);
INSERT INTO "clicks" VALUES(94,16,'2014-11-02 21:31:32.055791','2014-11-02 21:31:32.055791','Doc',32,15);
INSERT INTO "clicks" VALUES(95,16,'2014-11-02 21:31:32.062199','2014-11-02 21:31:32.062199','Doc',33,15);
INSERT INTO "clicks" VALUES(96,16,'2014-11-02 21:31:32.068596','2014-11-02 21:31:32.068596','Doc',34,15);
INSERT INTO "clicks" VALUES(97,16,'2014-11-02 21:31:32.074931','2014-11-02 21:31:32.074931','Doc',35,15);
INSERT INTO "clicks" VALUES(98,17,'2014-11-02 21:31:32.087488','2014-11-02 21:31:32.087488','Search',36,16);
INSERT INTO "clicks" VALUES(99,17,'2014-11-02 21:31:32.093506','2014-11-02 21:31:32.093506','Search',37,16);
INSERT INTO "clicks" VALUES(100,17,'2014-11-02 21:31:32.099645','2014-11-02 21:31:32.099645','Tab',28,16);
INSERT INTO "clicks" VALUES(101,17,'2014-11-02 21:31:32.105348','2014-11-02 21:31:32.105348','Search',38,16);
INSERT INTO "clicks" VALUES(102,17,'2014-11-02 21:31:32.111694','2014-11-02 21:31:32.111694','Doc',36,16);
INSERT INTO "clicks" VALUES(103,17,'2014-11-02 21:31:32.118026','2014-11-02 21:31:32.118026','Doc',37,16);
INSERT INTO "clicks" VALUES(104,17,'2014-11-02 21:31:32.124477','2014-11-02 21:31:32.124477','Doc',38,16);
INSERT INTO "clicks" VALUES(105,17,'2014-11-02 21:31:32.131322','2014-11-02 21:31:32.131322','Doc',39,16);
INSERT INTO "clicks" VALUES(106,18,'2014-11-02 21:31:32.144513','2014-11-02 21:31:32.144513','Tab',29,17);
INSERT INTO "clicks" VALUES(107,18,'2014-11-02 21:31:32.151079','2014-11-02 21:31:32.151079','Search',39,17);
INSERT INTO "clicks" VALUES(108,18,'2014-11-02 21:31:32.156997','2014-11-02 21:31:32.156997','Tab',30,17);
INSERT INTO "clicks" VALUES(109,18,'2014-11-02 21:31:32.163480','2014-11-02 21:31:32.163480','Doc',40,17);
INSERT INTO "clicks" VALUES(110,18,'2014-11-02 21:31:32.169981','2014-11-02 21:31:32.169981','Tab',31,17);
INSERT INTO "clicks" VALUES(111,18,'2014-11-02 21:31:32.176363','2014-11-02 21:31:32.176363','Tab',32,17);
INSERT INTO "clicks" VALUES(112,18,'2014-11-02 21:31:32.182561','2014-11-02 21:31:32.182561','Search',40,17);
INSERT INTO "clicks" VALUES(113,18,'2014-11-02 21:31:32.189081','2014-11-02 21:31:32.189081','Tab',33,17);
INSERT INTO "clicks" VALUES(114,18,'2014-11-02 21:31:32.194832','2014-11-02 21:31:32.194832','Search',41,17);
INSERT INTO "clicks" VALUES(115,19,'2014-11-02 21:31:32.212330','2014-11-02 21:31:32.212330','Search',42,18);
INSERT INTO "clicks" VALUES(116,19,'2014-11-02 21:31:32.221160','2014-11-02 21:31:32.221160','Tab',34,18);
INSERT INTO "clicks" VALUES(117,20,'2014-11-02 21:31:32.237617','2014-11-02 21:31:32.237617','Search',43,19);
INSERT INTO "clicks" VALUES(118,20,'2014-11-02 21:31:32.244651','2014-11-02 21:31:32.244651','Search',44,19);
INSERT INTO "clicks" VALUES(119,20,'2014-11-02 21:31:32.252424','2014-11-02 21:31:32.252424','Doc',41,19);
INSERT INTO "clicks" VALUES(120,20,'2014-11-02 21:31:32.261051','2014-11-02 21:31:32.261051','Doc',42,19);
INSERT INTO "clicks" VALUES(121,20,'2014-11-02 21:31:32.268812','2014-11-02 21:31:32.268812','Search',45,19);
INSERT INTO "clicks" VALUES(122,20,'2014-11-02 21:31:32.277487','2014-11-02 21:31:32.277487','Search',46,19);
INSERT INTO "clicks" VALUES(123,20,'2014-11-02 21:31:32.284689','2014-11-02 21:31:32.284689','Search',47,19);
INSERT INTO "clicks" VALUES(124,20,'2014-11-02 21:31:32.292658','2014-11-02 21:31:32.292658','Tab',35,19);
INSERT INTO "clicks" VALUES(125,20,'2014-11-02 21:31:32.301316','2014-11-02 21:31:32.301316','Tab',36,19);
INSERT INTO "clicks" VALUES(126,20,'2014-11-02 21:31:32.309183','2014-11-02 21:31:32.309183','Tab',37,19);
INSERT INTO "clicks" VALUES(127,21,'2014-11-02 21:31:32.325290','2014-11-02 21:31:32.325290','Search',48,20);
INSERT INTO "clicks" VALUES(128,21,'2014-11-02 21:31:32.333086','2014-11-02 21:31:32.333086','Doc',43,20);
INSERT INTO "clicks" VALUES(129,21,'2014-11-02 21:31:32.340598','2014-11-02 21:31:32.340598','Tab',38,20);
INSERT INTO "clicks" VALUES(130,21,'2014-11-02 21:31:32.348698','2014-11-02 21:31:32.348698','Tab',39,20);
INSERT INTO "clicks" VALUES(131,21,'2014-11-02 21:31:32.359841','2014-11-02 21:31:32.359841','Doc',44,20);
INSERT INTO "clicks" VALUES(132,21,'2014-11-02 21:31:32.369928','2014-11-02 21:31:32.369928','Doc',45,20);
INSERT INTO "clicks" VALUES(133,22,'2014-11-02 21:31:32.389885','2014-11-02 21:31:32.389885','Search',49,21);
INSERT INTO "clicks" VALUES(134,22,'2014-11-02 21:31:32.397797','2014-11-02 21:31:32.397797','Search',50,21);
INSERT INTO "clicks" VALUES(135,23,'2014-11-02 21:31:32.412495','2014-11-02 21:31:32.412495','Search',51,22);
INSERT INTO "clicks" VALUES(136,23,'2014-11-02 21:31:32.421912','2014-11-02 21:31:32.421912','Tab',40,22);
INSERT INTO "clicks" VALUES(137,23,'2014-11-02 21:31:32.428790','2014-11-02 21:31:32.428790','Search',52,22);
INSERT INTO "clicks" VALUES(138,23,'2014-11-02 21:31:32.434840','2014-11-02 21:31:32.434840','Tab',41,22);
INSERT INTO "clicks" VALUES(139,23,'2014-11-02 21:31:32.441870','2014-11-02 21:31:32.441870','Tab',42,22);
INSERT INTO "clicks" VALUES(140,23,'2014-11-02 21:31:32.463019','2014-11-02 21:31:32.463019','Search',53,22);
INSERT INTO "clicks" VALUES(141,23,'2014-11-02 21:31:32.469259','2014-11-02 21:31:32.469259','Tab',43,22);
INSERT INTO "clicks" VALUES(142,23,'2014-11-02 21:31:32.475749','2014-11-02 21:31:32.475749','Tab',44,22);
INSERT INTO "clicks" VALUES(143,23,'2014-11-02 21:31:32.482210','2014-11-02 21:31:32.482210','Doc',46,22);
INSERT INTO "clicks" VALUES(144,23,'2014-11-02 21:31:32.488048','2014-11-02 21:31:32.488048','Search',54,22);
INSERT INTO "clicks" VALUES(145,24,'2014-11-02 21:31:32.500079','2014-11-02 21:31:32.500079','Tab',45,23);
INSERT INTO "clicks" VALUES(146,24,'2014-11-02 21:31:32.506068','2014-11-02 21:31:32.506068','Search',55,23);
INSERT INTO "clicks" VALUES(147,24,'2014-11-02 21:31:32.512195','2014-11-02 21:31:32.512195','Doc',47,23);
INSERT INTO "clicks" VALUES(148,24,'2014-11-02 21:31:32.518470','2014-11-02 21:31:32.518470','Doc',48,23);
INSERT INTO "clicks" VALUES(149,24,'2014-11-02 21:31:32.524865','2014-11-02 21:31:32.524865','Doc',49,23);
INSERT INTO "clicks" VALUES(150,24,'2014-11-02 21:31:32.531164','2014-11-02 21:31:32.531164','Doc',50,23);
INSERT INTO "clicks" VALUES(151,24,'2014-11-02 21:31:32.537485','2014-11-02 21:31:32.537485','Search',56,23);
INSERT INTO "clicks" VALUES(152,24,'2014-11-02 21:31:32.543580','2014-11-02 21:31:32.543580','Search',57,23);
INSERT INTO "clicks" VALUES(153,24,'2014-11-02 21:31:32.550325','2014-11-02 21:31:32.550325','Tab',46,23);
INSERT INTO "clicks" VALUES(154,24,'2014-11-02 21:31:32.557579','2014-11-02 21:31:32.557579','Tab',47,23);
INSERT INTO "clicks" VALUES(155,24,'2014-11-02 21:31:32.563764','2014-11-02 21:31:32.563764','Doc',51,23);
INSERT INTO "clicks" VALUES(156,25,'2014-11-02 21:31:32.576383','2014-11-02 21:31:32.576383','Doc',52,24);
INSERT INTO "clicks" VALUES(157,25,'2014-11-02 21:31:32.583496','2014-11-02 21:31:32.583496','Doc',53,24);
INSERT INTO "clicks" VALUES(158,25,'2014-11-02 21:31:32.589585','2014-11-02 21:31:32.589585','Search',58,24);
INSERT INTO "clicks" VALUES(159,25,'2014-11-02 21:31:32.595988','2014-11-02 21:31:32.595988','Tab',48,24);
INSERT INTO "clicks" VALUES(160,25,'2014-11-02 21:31:32.602253','2014-11-02 21:31:32.602253','Doc',54,24);
INSERT INTO "clicks" VALUES(161,26,'2014-11-02 21:31:32.614835','2014-11-02 21:31:32.614835','Tab',49,25);
INSERT INTO "clicks" VALUES(162,26,'2014-11-02 21:31:32.621292','2014-11-02 21:31:32.621292','Doc',55,25);
INSERT INTO "clicks" VALUES(163,26,'2014-11-02 21:31:32.627277','2014-11-02 21:31:32.627277','Tab',50,25);
INSERT INTO "clicks" VALUES(164,26,'2014-11-02 21:31:32.634686','2014-11-02 21:31:32.634686','Doc',56,25);
INSERT INTO "clicks" VALUES(165,26,'2014-11-02 21:31:32.641429','2014-11-02 21:31:32.641429','Tab',51,25);
INSERT INTO "clicks" VALUES(166,27,'2014-11-02 21:31:32.654322','2014-11-02 21:31:32.654322','Doc',57,26);
INSERT INTO "clicks" VALUES(167,27,'2014-11-02 21:31:32.660630','2014-11-02 21:31:32.660630','Doc',58,26);
INSERT INTO "clicks" VALUES(168,27,'2014-11-02 21:31:32.667077','2014-11-02 21:31:32.667077','Search',59,26);
INSERT INTO "clicks" VALUES(169,27,'2014-11-02 21:31:32.672908','2014-11-02 21:31:32.672908','Search',60,26);
INSERT INTO "clicks" VALUES(170,27,'2014-11-02 21:31:32.679274','2014-11-02 21:31:32.679274','Tab',52,26);
INSERT INTO "clicks" VALUES(171,27,'2014-11-02 21:31:32.685725','2014-11-02 21:31:32.685725','Tab',53,26);
INSERT INTO "clicks" VALUES(172,27,'2014-11-02 21:31:32.692421','2014-11-02 21:31:32.692421','Doc',59,26);
INSERT INTO "clicks" VALUES(173,28,'2014-11-02 21:31:32.773658','2014-11-02 21:31:32.773658','Tab',54,27);
INSERT INTO "clicks" VALUES(174,28,'2014-11-02 21:31:32.780799','2014-11-02 21:31:32.780799','Tab',55,27);
INSERT INTO "clicks" VALUES(175,28,'2014-11-02 21:31:32.787379','2014-11-02 21:31:32.787379','Doc',60,27);
INSERT INTO "clicks" VALUES(176,28,'2014-11-02 21:31:32.793627','2014-11-02 21:31:32.793627','Search',61,27);
INSERT INTO "clicks" VALUES(177,29,'2014-11-02 21:31:32.806273','2014-11-02 21:31:32.806273','Search',62,28);
INSERT INTO "clicks" VALUES(178,29,'2014-11-02 21:31:32.812426','2014-11-02 21:31:32.812426','Doc',61,28);
INSERT INTO "clicks" VALUES(179,29,'2014-11-02 21:31:32.818897','2014-11-02 21:31:32.818897','Tab',56,28);
INSERT INTO "clicks" VALUES(180,29,'2014-11-02 21:31:32.824912','2014-11-02 21:31:32.824912','Tab',57,28);
INSERT INTO "clicks" VALUES(181,29,'2014-11-02 21:31:32.831510','2014-11-02 21:31:32.831510','Doc',62,28);
INSERT INTO "clicks" VALUES(182,30,'2014-11-02 21:31:32.844517','2014-11-02 21:31:32.844517','Tab',58,29);
INSERT INTO "clicks" VALUES(183,30,'2014-11-02 21:31:32.851001','2014-11-02 21:31:32.851001','Tab',59,29);
INSERT INTO "clicks" VALUES(184,30,'2014-11-02 21:31:32.857123','2014-11-02 21:31:32.857123','Search',63,29);
INSERT INTO "clicks" VALUES(185,30,'2014-11-02 21:31:32.863599','2014-11-02 21:31:32.863599','Tab',60,29);
INSERT INTO "clicks" VALUES(186,30,'2014-11-02 21:31:32.869981','2014-11-02 21:31:32.869981','Search',64,29);
INSERT INTO "clicks" VALUES(187,30,'2014-11-02 21:31:32.876726','2014-11-02 21:31:32.876726','Tab',61,29);
INSERT INTO "clicks" VALUES(188,30,'2014-11-02 21:31:32.884505','2014-11-02 21:31:32.884505','Search',65,29);
INSERT INTO "clicks" VALUES(189,30,'2014-11-02 21:31:32.890579','2014-11-02 21:31:32.890579','Search',66,29);
INSERT INTO "clicks" VALUES(190,31,'2014-11-02 21:31:32.903898','2014-11-02 21:31:32.903898','Doc',63,30);
INSERT INTO "clicks" VALUES(191,31,'2014-11-02 21:31:32.910199','2014-11-02 21:31:32.910199','Search',67,30);
INSERT INTO "clicks" VALUES(192,31,'2014-11-02 21:31:32.916638','2014-11-02 21:31:32.916638','Tab',62,30);
INSERT INTO "clicks" VALUES(193,32,'2014-11-02 21:31:32.930239','2014-11-02 21:31:32.930239','Tab',63,31);
INSERT INTO "clicks" VALUES(194,32,'2014-11-02 21:31:32.936787','2014-11-02 21:31:32.936787','Search',68,31);
INSERT INTO "clicks" VALUES(195,32,'2014-11-02 21:31:32.943299','2014-11-02 21:31:32.943299','Doc',64,31);
INSERT INTO "clicks" VALUES(196,32,'2014-11-02 21:31:32.949867','2014-11-02 21:31:32.949867','Doc',65,31);
INSERT INTO "clicks" VALUES(197,32,'2014-11-02 21:31:32.959016','2014-11-02 21:31:32.959016','Search',69,31);
INSERT INTO "clicks" VALUES(198,32,'2014-11-02 21:31:32.965665','2014-11-02 21:31:32.965665','Tab',64,31);
INSERT INTO "clicks" VALUES(199,33,'2014-11-02 21:31:32.978365','2014-11-02 21:31:32.978365','Search',70,32);
INSERT INTO "clicks" VALUES(200,34,'2014-11-02 21:31:32.992102','2014-11-02 21:31:32.992102','Doc',66,33);
INSERT INTO "clicks" VALUES(201,34,'2014-11-02 21:31:32.998427','2014-11-02 21:31:32.998427','Tab',65,33);
INSERT INTO "clicks" VALUES(202,34,'2014-11-02 21:31:33.007001','2014-11-02 21:31:33.007001','Tab',66,33);
INSERT INTO "clicks" VALUES(203,34,'2014-11-02 21:31:33.014618','2014-11-02 21:31:33.014618','Search',71,33);
INSERT INTO "clicks" VALUES(204,34,'2014-11-02 21:31:33.021219','2014-11-02 21:31:33.021219','Tab',67,33);
INSERT INTO "clicks" VALUES(205,34,'2014-11-02 21:31:33.027676','2014-11-02 21:31:33.027676','Doc',67,33);
INSERT INTO "clicks" VALUES(206,34,'2014-11-02 21:31:33.034142','2014-11-02 21:31:33.034142','Doc',68,33);
INSERT INTO "clicks" VALUES(207,35,'2014-11-02 21:31:33.047052','2014-11-02 21:31:33.047052','Tab',68,34);
INSERT INTO "clicks" VALUES(208,35,'2014-11-02 21:31:33.054514','2014-11-02 21:31:33.054514','Doc',69,34);
INSERT INTO "clicks" VALUES(209,35,'2014-11-02 21:31:33.060878','2014-11-02 21:31:33.060878','Search',72,34);
INSERT INTO "clicks" VALUES(210,35,'2014-11-02 21:31:33.066963','2014-11-02 21:31:33.066963','Search',73,34);
INSERT INTO "clicks" VALUES(211,35,'2014-11-02 21:31:33.073186','2014-11-02 21:31:33.073186','Tab',69,34);
INSERT INTO "clicks" VALUES(212,35,'2014-11-02 21:31:33.080791','2014-11-02 21:31:33.080791','Search',74,34);
INSERT INTO "clicks" VALUES(213,35,'2014-11-02 21:31:33.088289','2014-11-02 21:31:33.088289','Tab',70,34);
INSERT INTO "clicks" VALUES(214,35,'2014-11-02 21:31:33.095186','2014-11-02 21:31:33.095186','Search',75,34);
INSERT INTO "clicks" VALUES(215,35,'2014-11-02 21:31:33.101089','2014-11-02 21:31:33.101089','Tab',71,34);
INSERT INTO "clicks" VALUES(216,35,'2014-11-02 21:31:33.107924','2014-11-02 21:31:33.107924','Doc',70,34);
INSERT INTO "clicks" VALUES(217,36,'2014-11-02 21:31:33.120678','2014-11-02 21:31:33.120678','Tab',72,35);
INSERT INTO "clicks" VALUES(218,36,'2014-11-02 21:31:33.127551','2014-11-02 21:31:33.127551','Search',76,35);
INSERT INTO "clicks" VALUES(219,36,'2014-11-02 21:31:33.133765','2014-11-02 21:31:33.133765','Doc',71,35);
INSERT INTO "clicks" VALUES(220,36,'2014-11-02 21:31:33.140617','2014-11-02 21:31:33.140617','Doc',72,35);
INSERT INTO "clicks" VALUES(221,36,'2014-11-02 21:31:33.146638','2014-11-02 21:31:33.146638','Tab',73,35);
INSERT INTO "clicks" VALUES(222,36,'2014-11-02 21:31:33.152844','2014-11-02 21:31:33.152844','Doc',73,35);
INSERT INTO "clicks" VALUES(223,36,'2014-11-02 21:31:33.159694','2014-11-02 21:31:33.159694','Doc',74,35);
INSERT INTO "clicks" VALUES(224,36,'2014-11-02 21:31:33.166776','2014-11-02 21:31:33.166776','Doc',75,35);
INSERT INTO "clicks" VALUES(225,37,'2014-11-02 21:31:33.179380','2014-11-02 21:31:33.179380','Doc',76,36);
INSERT INTO "clicks" VALUES(226,37,'2014-11-02 21:31:33.185962','2014-11-02 21:31:33.185962','Tab',74,36);
INSERT INTO "clicks" VALUES(227,37,'2014-11-02 21:31:33.192583','2014-11-02 21:31:33.192583','Search',77,36);
INSERT INTO "clicks" VALUES(228,37,'2014-11-02 21:31:33.200867','2014-11-02 21:31:33.200867','Tab',75,36);
INSERT INTO "clicks" VALUES(229,37,'2014-11-02 21:31:33.207228','2014-11-02 21:31:33.207228','Search',78,36);
INSERT INTO "clicks" VALUES(230,37,'2014-11-02 21:31:33.213483','2014-11-02 21:31:33.213483','Search',79,36);
INSERT INTO "clicks" VALUES(231,37,'2014-11-02 21:31:33.219811','2014-11-02 21:31:33.219811','Tab',76,36);
INSERT INTO "clicks" VALUES(232,37,'2014-11-02 21:31:33.225832','2014-11-02 21:31:33.225832','Search',80,36);
INSERT INTO "clicks" VALUES(233,37,'2014-11-02 21:31:33.231838','2014-11-02 21:31:33.231838','Tab',77,36);
INSERT INTO "clicks" VALUES(234,38,'2014-11-02 21:31:33.244168','2014-11-02 21:31:33.244168','Tab',78,37);
INSERT INTO "clicks" VALUES(235,38,'2014-11-02 21:31:33.250794','2014-11-02 21:31:33.250794','Tab',79,37);
INSERT INTO "clicks" VALUES(236,39,'2014-11-02 21:31:33.263730','2014-11-02 21:31:33.263730','Tab',80,38);
INSERT INTO "clicks" VALUES(237,39,'2014-11-02 21:31:33.269563','2014-11-02 21:31:33.269563','Search',81,38);
INSERT INTO "clicks" VALUES(238,39,'2014-11-02 21:31:33.276124','2014-11-02 21:31:33.276124','Doc',77,38);
INSERT INTO "clicks" VALUES(239,39,'2014-11-02 21:31:33.282196','2014-11-02 21:31:33.282196','Tab',81,38);
INSERT INTO "clicks" VALUES(240,40,'2014-11-02 21:31:33.295461','2014-11-02 21:31:33.295461','Doc',78,39);
INSERT INTO "clicks" VALUES(241,40,'2014-11-02 21:31:33.305445','2014-11-02 21:31:33.305445','Search',82,39);
INSERT INTO "clicks" VALUES(242,40,'2014-11-02 21:31:33.312072','2014-11-02 21:31:33.312072','Search',83,39);
INSERT INTO "clicks" VALUES(243,41,'2014-11-02 21:31:33.324743','2014-11-02 21:31:33.324743','Doc',79,40);
INSERT INTO "clicks" VALUES(244,41,'2014-11-02 21:31:33.330923','2014-11-02 21:31:33.330923','Doc',80,40);
INSERT INTO "clicks" VALUES(245,41,'2014-11-02 21:31:33.337218','2014-11-02 21:31:33.337218','Tab',82,40);
INSERT INTO "clicks" VALUES(246,41,'2014-11-02 21:31:33.343199','2014-11-02 21:31:33.343199','Tab',83,40);
INSERT INTO "clicks" VALUES(247,42,'2014-11-02 21:31:33.355385','2014-11-02 21:31:33.355385','Doc',81,41);
INSERT INTO "clicks" VALUES(248,42,'2014-11-02 21:31:33.361993','2014-11-02 21:31:33.361993','Doc',82,41);
INSERT INTO "clicks" VALUES(249,42,'2014-11-02 21:31:33.368053','2014-11-02 21:31:33.368053','Tab',84,41);
INSERT INTO "clicks" VALUES(250,43,'2014-11-02 21:31:33.380085','2014-11-02 21:31:33.380085','Tab',85,42);
INSERT INTO "clicks" VALUES(251,43,'2014-11-02 21:31:33.386972','2014-11-02 21:31:33.386972','Doc',83,42);
INSERT INTO "clicks" VALUES(252,43,'2014-11-02 21:31:33.393634','2014-11-02 21:31:33.393634','Tab',86,42);
INSERT INTO "clicks" VALUES(253,44,'2014-11-02 21:31:33.407350','2014-11-02 21:31:33.407350','Tab',87,43);
INSERT INTO "clicks" VALUES(254,44,'2014-11-02 21:31:33.414202','2014-11-02 21:31:33.414202','Doc',84,43);
INSERT INTO "clicks" VALUES(255,44,'2014-11-02 21:31:33.420200','2014-11-02 21:31:33.420200','Doc',85,43);
INSERT INTO "clicks" VALUES(256,45,'2014-11-02 21:31:33.432778','2014-11-02 21:31:33.432778','Doc',86,44);
INSERT INTO "clicks" VALUES(257,45,'2014-11-02 21:31:33.439498','2014-11-02 21:31:33.439498','Tab',88,44);
INSERT INTO "clicks" VALUES(258,45,'2014-11-02 21:31:33.445699','2014-11-02 21:31:33.445699','Search',84,44);
INSERT INTO "clicks" VALUES(259,46,'2014-11-02 21:31:33.461409','2014-11-02 21:31:33.461409','Doc',87,45);
INSERT INTO "clicks" VALUES(260,47,'2014-11-02 21:31:33.474372','2014-11-02 21:31:33.474372','Search',85,46);
INSERT INTO "clicks" VALUES(261,47,'2014-11-02 21:31:33.480158','2014-11-02 21:31:33.480158','Search',86,46);
INSERT INTO "clicks" VALUES(262,48,'2014-11-02 21:31:33.492352','2014-11-02 21:31:33.492352','Tab',89,47);
INSERT INTO "clicks" VALUES(263,48,'2014-11-02 21:31:33.498703','2014-11-02 21:31:33.498703','Search',87,47);
INSERT INTO "clicks" VALUES(264,48,'2014-11-02 21:31:33.504745','2014-11-02 21:31:33.504745','Doc',88,47);
INSERT INTO "clicks" VALUES(265,48,'2014-11-02 21:31:33.511584','2014-11-02 21:31:33.511584','Search',88,47);
INSERT INTO "clicks" VALUES(266,48,'2014-11-02 21:31:33.517629','2014-11-02 21:31:33.517629','Tab',90,47);
INSERT INTO "clicks" VALUES(267,48,'2014-11-02 21:31:33.601395','2014-11-02 21:31:33.601395','Search',89,47);
INSERT INTO "clicks" VALUES(268,48,'2014-11-02 21:31:33.612320','2014-11-02 21:31:33.612320','Doc',89,47);
INSERT INTO "clicks" VALUES(269,48,'2014-11-02 21:31:33.619922','2014-11-02 21:31:33.619922','Tab',91,47);
INSERT INTO "clicks" VALUES(270,48,'2014-11-02 21:31:33.627516','2014-11-02 21:31:33.627516','Search',90,47);
INSERT INTO "clicks" VALUES(271,48,'2014-11-02 21:31:33.635393','2014-11-02 21:31:33.635393','Doc',90,47);
INSERT INTO "clicks" VALUES(272,49,'2014-11-02 21:31:33.650986','2014-11-02 21:31:33.650986','Search',91,48);
INSERT INTO "clicks" VALUES(273,49,'2014-11-02 21:31:33.659319','2014-11-02 21:31:33.659319','Tab',92,48);
INSERT INTO "clicks" VALUES(274,49,'2014-11-02 21:31:33.667997','2014-11-02 21:31:33.667997','Doc',91,48);
INSERT INTO "clicks" VALUES(275,49,'2014-11-02 21:31:33.675271','2014-11-02 21:31:33.675271','Tab',93,48);
INSERT INTO "clicks" VALUES(276,49,'2014-11-02 21:31:33.682922','2014-11-02 21:31:33.682922','Search',92,48);
INSERT INTO "clicks" VALUES(277,49,'2014-11-02 21:31:33.691354','2014-11-02 21:31:33.691354','Tab',94,48);
INSERT INTO "clicks" VALUES(278,49,'2014-11-02 21:31:33.700329','2014-11-02 21:31:33.700329','Doc',92,48);
INSERT INTO "clicks" VALUES(279,49,'2014-11-02 21:31:33.708504','2014-11-02 21:31:33.708504','Tab',95,48);
INSERT INTO "clicks" VALUES(280,49,'2014-11-02 21:31:33.716357','2014-11-02 21:31:33.716357','Tab',96,48);
INSERT INTO "clicks" VALUES(281,49,'2014-11-02 21:31:33.724466','2014-11-02 21:31:33.724466','Search',93,48);
INSERT INTO "clicks" VALUES(282,49,'2014-11-02 21:31:33.733440','2014-11-02 21:31:33.733440','Search',94,48);
INSERT INTO "clicks" VALUES(283,50,'2014-11-02 21:31:33.749046','2014-11-02 21:31:33.749046','Doc',93,49);
INSERT INTO "clicks" VALUES(284,50,'2014-11-02 21:31:33.756820','2014-11-02 21:31:33.756820','Doc',94,49);
INSERT INTO "clicks" VALUES(285,50,'2014-11-02 21:31:33.764144','2014-11-02 21:31:33.764144','Tab',97,49);
INSERT INTO "clicks" VALUES(286,50,'2014-11-02 21:31:33.771255','2014-11-02 21:31:33.771255','Tab',98,49);
INSERT INTO "clicks" VALUES(287,50,'2014-11-02 21:31:33.779253','2014-11-02 21:31:33.779253','Tab',99,49);
INSERT INTO "clicks" VALUES(288,50,'2014-11-02 21:31:33.786995','2014-11-02 21:31:33.786995','Search',95,49);
INSERT INTO "clicks" VALUES(289,50,'2014-11-02 21:31:33.794904','2014-11-02 21:31:33.794904','Tab',100,49);
INSERT INTO "clicks" VALUES(290,51,'2014-11-02 21:31:33.811254','2014-11-02 21:31:33.811254','Doc',95,50);
INSERT INTO "clicks" VALUES(291,51,'2014-11-02 21:31:33.820153','2014-11-02 21:31:33.820153','Doc',96,50);
INSERT INTO "clicks" VALUES(292,51,'2014-11-02 21:31:33.828491','2014-11-02 21:31:33.828491','Tab',101,50);
INSERT INTO "clicks" VALUES(293,51,'2014-11-02 21:31:33.835659','2014-11-02 21:31:33.835659','Tab',102,50);
INSERT INTO "clicks" VALUES(294,51,'2014-11-02 21:31:33.842903','2014-11-02 21:31:33.842903','Tab',103,50);
INSERT INTO "clicks" VALUES(295,51,'2014-11-02 21:31:33.850212','2014-11-02 21:31:33.850212','Tab',104,50);
INSERT INTO "clicks" VALUES(296,51,'2014-11-02 21:31:33.857142','2014-11-02 21:31:33.857142','Doc',97,50);
INSERT INTO "clicks" VALUES(297,52,'2014-11-02 21:31:33.872287','2014-11-02 21:31:33.872287','Search',96,51);
INSERT INTO "clicks" VALUES(298,52,'2014-11-02 21:31:33.879206','2014-11-02 21:31:33.879206','Search',97,51);
INSERT INTO "clicks" VALUES(299,52,'2014-11-02 21:31:33.886994','2014-11-02 21:31:33.886994','Search',98,51);
INSERT INTO "clicks" VALUES(300,53,'2014-11-02 21:31:33.902065','2014-11-02 21:31:33.902065','Tab',105,52);
INSERT INTO "clicks" VALUES(301,53,'2014-11-02 21:31:33.911234','2014-11-02 21:31:33.911234','Doc',98,52);
INSERT INTO "clicks" VALUES(302,53,'2014-11-02 21:31:33.920057','2014-11-02 21:31:33.920057','Doc',99,52);
INSERT INTO "clicks" VALUES(303,53,'2014-11-02 21:31:33.927988','2014-11-02 21:31:33.927988','Doc',100,52);
INSERT INTO "clicks" VALUES(304,53,'2014-11-02 21:31:33.937349','2014-11-02 21:31:33.937349','Search',99,52);
INSERT INTO "clicks" VALUES(305,53,'2014-11-02 21:31:33.945360','2014-11-02 21:31:33.945360','Search',100,52);
INSERT INTO "clicks" VALUES(306,54,'2014-11-02 21:31:33.961272','2014-11-02 21:31:33.961272','Search',101,53);
INSERT INTO "clicks" VALUES(307,54,'2014-11-02 21:31:33.969135','2014-11-02 21:31:33.969135','Search',102,53);
INSERT INTO "clicks" VALUES(308,54,'2014-11-02 21:31:33.976315','2014-11-02 21:31:33.976315','Tab',106,53);
INSERT INTO "clicks" VALUES(309,54,'2014-11-02 21:31:33.983774','2014-11-02 21:31:33.983774','Search',103,53);
INSERT INTO "clicks" VALUES(310,54,'2014-11-02 21:31:33.991142','2014-11-02 21:31:33.991142','Tab',107,53);
INSERT INTO "clicks" VALUES(311,54,'2014-11-02 21:31:33.998924','2014-11-02 21:31:33.998924','Search',104,53);
INSERT INTO "clicks" VALUES(312,54,'2014-11-02 21:31:34.007192','2014-11-02 21:31:34.007192','Doc',101,53);
INSERT INTO "clicks" VALUES(313,54,'2014-11-02 21:31:34.015469','2014-11-02 21:31:34.015469','Search',105,53);
INSERT INTO "clicks" VALUES(314,55,'2014-11-02 21:31:34.033919','2014-11-02 21:31:34.033919','Doc',102,54);
INSERT INTO "clicks" VALUES(315,55,'2014-11-02 21:31:34.044437','2014-11-02 21:31:34.044437','Doc',103,54);
INSERT INTO "clicks" VALUES(316,55,'2014-11-02 21:31:34.089314','2014-11-02 21:31:34.089314','Search',106,54);
INSERT INTO "clicks" VALUES(317,55,'2014-11-02 21:31:34.097335','2014-11-02 21:31:34.097335','Doc',104,54);
INSERT INTO "clicks" VALUES(318,55,'2014-11-02 21:31:34.104327','2014-11-02 21:31:34.104327','Doc',105,54);
INSERT INTO "clicks" VALUES(319,55,'2014-11-02 21:31:34.110732','2014-11-02 21:31:34.110732','Tab',108,54);
INSERT INTO "clicks" VALUES(320,55,'2014-11-02 21:31:34.116956','2014-11-02 21:31:34.116956','Tab',109,54);
INSERT INTO "clicks" VALUES(321,55,'2014-11-02 21:31:34.123114','2014-11-02 21:31:34.123114','Search',107,54);
INSERT INTO "clicks" VALUES(322,55,'2014-11-02 21:31:34.129789','2014-11-02 21:31:34.129789','Tab',110,54);
INSERT INTO "clicks" VALUES(323,55,'2014-11-02 21:31:34.135951','2014-11-02 21:31:34.135951','Doc',106,54);
INSERT INTO "clicks" VALUES(324,56,'2014-11-02 21:31:34.149722','2014-11-02 21:31:34.149722','Doc',107,55);
INSERT INTO "clicks" VALUES(325,56,'2014-11-02 21:31:34.155939','2014-11-02 21:31:34.155939','Doc',108,55);
INSERT INTO "clicks" VALUES(326,56,'2014-11-02 21:31:34.161886','2014-11-02 21:31:34.161886','Tab',111,55);
INSERT INTO "clicks" VALUES(327,56,'2014-11-02 21:31:34.168478','2014-11-02 21:31:34.168478','Doc',109,55);
INSERT INTO "clicks" VALUES(328,56,'2014-11-02 21:31:34.174928','2014-11-02 21:31:34.174928','Doc',110,55);
INSERT INTO "clicks" VALUES(329,56,'2014-11-02 21:31:34.181283','2014-11-02 21:31:34.181283','Doc',111,55);
INSERT INTO "clicks" VALUES(330,56,'2014-11-02 21:31:34.187271','2014-11-02 21:31:34.187271','Search',108,55);
INSERT INTO "clicks" VALUES(331,56,'2014-11-02 21:31:34.193846','2014-11-02 21:31:34.193846','Tab',112,55);
INSERT INTO "clicks" VALUES(332,56,'2014-11-02 21:31:34.201118','2014-11-02 21:31:34.201118','Tab',113,55);
INSERT INTO "clicks" VALUES(333,57,'2014-11-02 21:31:34.213529','2014-11-02 21:31:34.213529','Doc',112,56);
INSERT INTO "clicks" VALUES(334,57,'2014-11-02 21:31:34.219724','2014-11-02 21:31:34.219724','Search',109,56);
INSERT INTO "clicks" VALUES(335,57,'2014-11-02 21:31:34.225477','2014-11-02 21:31:34.225477','Search',110,56);
INSERT INTO "clicks" VALUES(336,57,'2014-11-02 21:31:34.231706','2014-11-02 21:31:34.231706','Doc',113,56);
INSERT INTO "clicks" VALUES(337,57,'2014-11-02 21:31:34.237693','2014-11-02 21:31:34.237693','Tab',114,56);
INSERT INTO "clicks" VALUES(338,57,'2014-11-02 21:31:34.243662','2014-11-02 21:31:34.243662','Search',111,56);
INSERT INTO "clicks" VALUES(339,57,'2014-11-02 21:31:34.251935','2014-11-02 21:31:34.251935','Doc',114,56);
INSERT INTO "clicks" VALUES(340,58,'2014-11-02 21:31:34.265005','2014-11-02 21:31:34.265005','Doc',115,57);
INSERT INTO "clicks" VALUES(341,58,'2014-11-02 21:31:34.272250','2014-11-02 21:31:34.272250','Doc',116,57);
INSERT INTO "clicks" VALUES(342,58,'2014-11-02 21:31:34.280509','2014-11-02 21:31:34.280509','Search',112,57);
INSERT INTO "clicks" VALUES(343,58,'2014-11-02 21:31:34.286798','2014-11-02 21:31:34.286798','Tab',115,57);
INSERT INTO "clicks" VALUES(344,59,'2014-11-02 21:31:34.302137','2014-11-02 21:31:34.302137','Doc',117,58);
INSERT INTO "clicks" VALUES(345,60,'2014-11-02 21:31:34.315350','2014-11-02 21:31:34.315350','Doc',118,59);
INSERT INTO "clicks" VALUES(346,60,'2014-11-02 21:31:34.321762','2014-11-02 21:31:34.321762','Tab',116,59);
INSERT INTO "clicks" VALUES(347,60,'2014-11-02 21:31:34.328660','2014-11-02 21:31:34.328660','Doc',119,59);
INSERT INTO "clicks" VALUES(348,60,'2014-11-02 21:31:34.335614','2014-11-02 21:31:34.335614','Doc',120,59);
INSERT INTO "clicks" VALUES(349,60,'2014-11-02 21:31:34.341771','2014-11-02 21:31:34.341771','Tab',117,59);
INSERT INTO "clicks" VALUES(350,60,'2014-11-02 21:31:34.347673','2014-11-02 21:31:34.347673','Tab',118,59);
INSERT INTO "clicks" VALUES(351,60,'2014-11-02 21:31:34.354271','2014-11-02 21:31:34.354271','Doc',121,59);
INSERT INTO "clicks" VALUES(352,60,'2014-11-02 21:31:34.360471','2014-11-02 21:31:34.360471','Search',113,59);
INSERT INTO "clicks" VALUES(353,61,'2014-11-02 21:31:34.373762','2014-11-02 21:31:34.373762','Tab',119,60);
INSERT INTO "clicks" VALUES(354,61,'2014-11-02 21:31:34.380237','2014-11-02 21:31:34.380237','Search',114,60);
INSERT INTO "clicks" VALUES(355,61,'2014-11-02 21:31:34.387221','2014-11-02 21:31:34.387221','Search',115,60);
INSERT INTO "clicks" VALUES(356,61,'2014-11-02 21:31:34.393548','2014-11-02 21:31:34.393548','Doc',122,60);
INSERT INTO "clicks" VALUES(357,61,'2014-11-02 21:31:34.399968','2014-11-02 21:31:34.399968','Doc',123,60);
INSERT INTO "clicks" VALUES(358,61,'2014-11-02 21:31:34.406616','2014-11-02 21:31:34.406616','Tab',120,60);
INSERT INTO "clicks" VALUES(359,61,'2014-11-02 21:31:34.413372','2014-11-02 21:31:34.413372','Tab',121,60);
INSERT INTO "clicks" VALUES(360,61,'2014-11-02 21:31:34.419492','2014-11-02 21:31:34.419492','Tab',122,60);
INSERT INTO "clicks" VALUES(361,61,'2014-11-02 21:31:34.425937','2014-11-02 21:31:34.425937','Doc',124,60);
INSERT INTO "clicks" VALUES(362,61,'2014-11-02 21:31:34.432211','2014-11-02 21:31:34.432211','Tab',123,60);
INSERT INTO "clicks" VALUES(363,61,'2014-11-02 21:31:34.437965','2014-11-02 21:31:34.437965','Tab',124,60);
INSERT INTO "clicks" VALUES(364,62,'2014-11-02 21:31:34.450406','2014-11-02 21:31:34.450406','Doc',125,61);
INSERT INTO "clicks" VALUES(365,62,'2014-11-02 21:31:34.456931','2014-11-02 21:31:34.456931','Tab',125,61);
INSERT INTO "clicks" VALUES(366,62,'2014-11-02 21:31:34.462992','2014-11-02 21:31:34.462992','Search',116,61);
INSERT INTO "clicks" VALUES(367,62,'2014-11-02 21:31:34.538033','2014-11-02 21:31:34.538033','Search',117,61);
INSERT INTO "clicks" VALUES(368,63,'2014-11-02 21:31:34.551861','2014-11-02 21:31:34.551861','Search',118,62);
INSERT INTO "clicks" VALUES(369,63,'2014-11-02 21:31:34.558322','2014-11-02 21:31:34.558322','Search',119,62);
INSERT INTO "clicks" VALUES(370,64,'2014-11-02 21:31:34.571372','2014-11-02 21:31:34.571372','Tab',126,63);
INSERT INTO "clicks" VALUES(371,64,'2014-11-02 21:31:34.578237','2014-11-02 21:31:34.578237','Tab',127,63);
INSERT INTO "clicks" VALUES(372,64,'2014-11-02 21:31:34.585378','2014-11-02 21:31:34.585378','Doc',126,63);
INSERT INTO "clicks" VALUES(373,64,'2014-11-02 21:31:34.591882','2014-11-02 21:31:34.591882','Tab',128,63);
INSERT INTO "clicks" VALUES(374,65,'2014-11-02 21:31:34.604783','2014-11-02 21:31:34.604783','Tab',129,64);
INSERT INTO "clicks" VALUES(375,65,'2014-11-02 21:31:34.610739','2014-11-02 21:31:34.610739','Search',120,64);
INSERT INTO "clicks" VALUES(376,65,'2014-11-02 21:31:34.616947','2014-11-02 21:31:34.616947','Doc',127,64);
INSERT INTO "clicks" VALUES(377,65,'2014-11-02 21:31:34.623732','2014-11-02 21:31:34.623732','Doc',128,64);
INSERT INTO "clicks" VALUES(378,65,'2014-11-02 21:31:34.630464','2014-11-02 21:31:34.630464','Tab',130,64);
INSERT INTO "clicks" VALUES(379,66,'2014-11-02 21:31:34.643192','2014-11-02 21:31:34.643192','Tab',131,65);
INSERT INTO "clicks" VALUES(380,66,'2014-11-02 21:31:34.652525','2014-11-02 21:31:34.652525','Search',121,65);
INSERT INTO "clicks" VALUES(381,66,'2014-11-02 21:31:34.660810','2014-11-02 21:31:34.660810','Doc',129,65);
INSERT INTO "clicks" VALUES(382,66,'2014-11-02 21:31:34.667806','2014-11-02 21:31:34.667806','Search',122,65);
INSERT INTO "clicks" VALUES(383,66,'2014-11-02 21:31:34.674869','2014-11-02 21:31:34.674869','Search',123,65);
INSERT INTO "clicks" VALUES(384,66,'2014-11-02 21:31:34.681897','2014-11-02 21:31:34.681897','Doc',130,65);
INSERT INTO "clicks" VALUES(385,66,'2014-11-02 21:31:34.689035','2014-11-02 21:31:34.689035','Tab',132,65);
INSERT INTO "clicks" VALUES(386,66,'2014-11-02 21:31:34.695041','2014-11-02 21:31:34.695041','Search',124,65);
INSERT INTO "clicks" VALUES(387,67,'2014-11-02 21:31:34.707808','2014-11-02 21:31:34.707808','Search',125,66);
INSERT INTO "clicks" VALUES(388,67,'2014-11-02 21:31:34.714358','2014-11-02 21:31:34.714358','Doc',131,66);
INSERT INTO "clicks" VALUES(389,67,'2014-11-02 21:31:34.720375','2014-11-02 21:31:34.720375','Doc',132,66);
INSERT INTO "clicks" VALUES(390,67,'2014-11-02 21:31:34.726800','2014-11-02 21:31:34.726800','Search',126,66);
INSERT INTO "clicks" VALUES(391,67,'2014-11-02 21:31:34.733115','2014-11-02 21:31:34.733115','Search',127,66);
INSERT INTO "clicks" VALUES(392,67,'2014-11-02 21:31:34.739291','2014-11-02 21:31:34.739291','Tab',133,66);
INSERT INTO "clicks" VALUES(393,67,'2014-11-02 21:31:34.745088','2014-11-02 21:31:34.745088','Tab',134,66);
INSERT INTO "clicks" VALUES(394,67,'2014-11-02 21:31:34.751094','2014-11-02 21:31:34.751094','Doc',133,66);
INSERT INTO "clicks" VALUES(395,67,'2014-11-02 21:31:34.757541','2014-11-02 21:31:34.757541','Doc',134,66);
INSERT INTO "clicks" VALUES(396,67,'2014-11-02 21:31:34.764245','2014-11-02 21:31:34.764245','Doc',135,66);
INSERT INTO "clicks" VALUES(397,67,'2014-11-02 21:31:34.770682','2014-11-02 21:31:34.770682','Tab',135,66);
INSERT INTO "clicks" VALUES(398,68,'2014-11-02 21:31:34.784604','2014-11-02 21:31:34.784604','Search',128,67);
INSERT INTO "clicks" VALUES(399,68,'2014-11-02 21:31:34.791559','2014-11-02 21:31:34.791559','Doc',136,67);
INSERT INTO "clicks" VALUES(400,68,'2014-11-02 21:31:34.797671','2014-11-02 21:31:34.797671','Doc',137,67);
INSERT INTO "clicks" VALUES(401,68,'2014-11-02 21:31:34.804041','2014-11-02 21:31:34.804041','Doc',138,67);
INSERT INTO "clicks" VALUES(402,68,'2014-11-02 21:31:34.809930','2014-11-02 21:31:34.809930','Tab',136,67);
INSERT INTO "clicks" VALUES(403,69,'2014-11-02 21:31:34.822730','2014-11-02 21:31:34.822730','Doc',139,68);
INSERT INTO "clicks" VALUES(404,69,'2014-11-02 21:31:34.829177','2014-11-02 21:31:34.829177','Search',129,68);
INSERT INTO "clicks" VALUES(405,69,'2014-11-02 21:31:34.835260','2014-11-02 21:31:34.835260','Search',130,68);
INSERT INTO "clicks" VALUES(406,69,'2014-11-02 21:31:34.841652','2014-11-02 21:31:34.841652','Doc',140,68);
INSERT INTO "clicks" VALUES(407,69,'2014-11-02 21:31:34.847833','2014-11-02 21:31:34.847833','Tab',137,68);
INSERT INTO "clicks" VALUES(408,70,'2014-11-02 21:31:34.860554','2014-11-02 21:31:34.860554','Search',131,69);
INSERT INTO "clicks" VALUES(409,70,'2014-11-02 21:31:34.867294','2014-11-02 21:31:34.867294','Doc',141,69);
INSERT INTO "clicks" VALUES(410,70,'2014-11-02 21:31:34.873668','2014-11-02 21:31:34.873668','Doc',142,69);
INSERT INTO "clicks" VALUES(411,70,'2014-11-02 21:31:34.880469','2014-11-02 21:31:34.880469','Tab',138,69);
INSERT INTO "clicks" VALUES(412,70,'2014-11-02 21:31:34.886607','2014-11-02 21:31:34.886607','Tab',139,69);
INSERT INTO "clicks" VALUES(413,70,'2014-11-02 21:31:34.892646','2014-11-02 21:31:34.892646','Search',132,69);
INSERT INTO "clicks" VALUES(414,70,'2014-11-02 21:31:34.898611','2014-11-02 21:31:34.898611','Doc',143,69);
INSERT INTO "clicks" VALUES(415,70,'2014-11-02 21:31:34.904327','2014-11-02 21:31:34.904327','Tab',140,69);
INSERT INTO "clicks" VALUES(416,71,'2014-11-02 21:31:34.916753','2014-11-02 21:31:34.916753','Tab',141,70);
INSERT INTO "clicks" VALUES(417,71,'2014-11-02 21:31:34.923303','2014-11-02 21:31:34.923303','Doc',144,70);
INSERT INTO "clicks" VALUES(418,71,'2014-11-02 21:31:34.930326','2014-11-02 21:31:34.930326','Tab',142,70);
INSERT INTO "clicks" VALUES(419,71,'2014-11-02 21:31:34.936699','2014-11-02 21:31:34.936699','Tab',143,70);
INSERT INTO "clicks" VALUES(420,71,'2014-11-02 21:31:34.942607','2014-11-02 21:31:34.942607','Tab',144,70);
INSERT INTO "clicks" VALUES(421,71,'2014-11-02 21:31:34.948442','2014-11-02 21:31:34.948442','Tab',145,70);
INSERT INTO "clicks" VALUES(422,71,'2014-11-02 21:31:34.954476','2014-11-02 21:31:34.954476','Search',133,70);
INSERT INTO "clicks" VALUES(423,72,'2014-11-02 21:31:34.967000','2014-11-02 21:31:34.967000','Search',134,71);
INSERT INTO "clicks" VALUES(424,72,'2014-11-02 21:31:34.973379','2014-11-02 21:31:34.973379','Tab',146,71);
INSERT INTO "clicks" VALUES(425,72,'2014-11-02 21:31:34.979180','2014-11-02 21:31:34.979180','Tab',147,71);
INSERT INTO "clicks" VALUES(426,72,'2014-11-02 21:31:34.987421','2014-11-02 21:31:34.987421','Search',135,71);
INSERT INTO "clicks" VALUES(427,72,'2014-11-02 21:31:34.993725','2014-11-02 21:31:34.993725','Search',136,71);
INSERT INTO "clicks" VALUES(428,72,'2014-11-02 21:31:34.999950','2014-11-02 21:31:34.999950','Search',137,71);
INSERT INTO "clicks" VALUES(429,72,'2014-11-02 21:31:35.006068','2014-11-02 21:31:35.006068','Doc',145,71);
INSERT INTO "clicks" VALUES(430,72,'2014-11-02 21:31:35.012188','2014-11-02 21:31:35.012188','Tab',148,71);
INSERT INTO "clicks" VALUES(431,72,'2014-11-02 21:31:35.018159','2014-11-02 21:31:35.018159','Doc',146,71);
INSERT INTO "clicks" VALUES(432,73,'2014-11-02 21:31:35.031741','2014-11-02 21:31:35.031741','Search',138,72);
INSERT INTO "clicks" VALUES(433,73,'2014-11-02 21:31:35.037821','2014-11-02 21:31:35.037821','Search',139,72);
INSERT INTO "clicks" VALUES(434,74,'2014-11-02 21:31:35.050767','2014-11-02 21:31:35.050767','Tab',149,73);
INSERT INTO "clicks" VALUES(435,74,'2014-11-02 21:31:35.056673','2014-11-02 21:31:35.056673','Doc',147,73);
INSERT INTO "clicks" VALUES(436,74,'2014-11-02 21:31:35.063313','2014-11-02 21:31:35.063313','Tab',150,73);
INSERT INTO "clicks" VALUES(437,75,'2014-11-02 21:31:35.076428','2014-11-02 21:31:35.076428','Doc',148,74);
INSERT INTO "clicks" VALUES(438,75,'2014-11-02 21:31:35.082880','2014-11-02 21:31:35.082880','Search',140,74);
INSERT INTO "clicks" VALUES(439,75,'2014-11-02 21:31:35.089083','2014-11-02 21:31:35.089083','Doc',149,74);
INSERT INTO "clicks" VALUES(440,75,'2014-11-02 21:31:35.099393','2014-11-02 21:31:35.099393','Doc',150,74);
INSERT INTO "clicks" VALUES(441,75,'2014-11-02 21:31:35.105292','2014-11-02 21:31:35.105292','Search',141,74);
INSERT INTO "clicks" VALUES(442,75,'2014-11-02 21:31:35.111803','2014-11-02 21:31:35.111803','Doc',151,74);
INSERT INTO "clicks" VALUES(443,75,'2014-11-02 21:31:35.117581','2014-11-02 21:31:35.117581','Search',142,74);
INSERT INTO "clicks" VALUES(444,75,'2014-11-02 21:31:35.124481','2014-11-02 21:31:35.124481','Search',143,74);
INSERT INTO "clicks" VALUES(445,76,'2014-11-02 21:31:35.138297','2014-11-02 21:31:35.138297','Doc',152,75);
INSERT INTO "clicks" VALUES(446,76,'2014-11-02 21:31:35.144796','2014-11-02 21:31:35.144796','Doc',153,75);
INSERT INTO "clicks" VALUES(447,76,'2014-11-02 21:31:35.150846','2014-11-02 21:31:35.150846','Doc',154,75);
INSERT INTO "clicks" VALUES(448,76,'2014-11-02 21:31:35.157491','2014-11-02 21:31:35.157491','Tab',151,75);
INSERT INTO "clicks" VALUES(449,76,'2014-11-02 21:31:35.163444','2014-11-02 21:31:35.163444','Tab',152,75);
INSERT INTO "clicks" VALUES(450,76,'2014-11-02 21:31:35.169870','2014-11-02 21:31:35.169870','Search',144,75);
INSERT INTO "clicks" VALUES(451,76,'2014-11-02 21:31:35.175980','2014-11-02 21:31:35.175980','Search',145,75);
INSERT INTO "clicks" VALUES(452,76,'2014-11-02 21:31:35.182414','2014-11-02 21:31:35.182414','Doc',155,75);
INSERT INTO "clicks" VALUES(453,77,'2014-11-02 21:31:35.197310','2014-11-02 21:31:35.197310','Tab',153,76);
INSERT INTO "clicks" VALUES(454,77,'2014-11-02 21:31:35.203631','2014-11-02 21:31:35.203631','Doc',156,76);
INSERT INTO "clicks" VALUES(455,77,'2014-11-02 21:31:35.209766','2014-11-02 21:31:35.209766','Tab',154,76);
INSERT INTO "clicks" VALUES(456,77,'2014-11-02 21:31:35.215930','2014-11-02 21:31:35.215930','Tab',155,76);
INSERT INTO "clicks" VALUES(457,77,'2014-11-02 21:31:35.222008','2014-11-02 21:31:35.222008','Doc',157,76);
INSERT INTO "clicks" VALUES(458,77,'2014-11-02 21:31:35.228292','2014-11-02 21:31:35.228292','Search',146,76);
INSERT INTO "clicks" VALUES(459,78,'2014-11-02 21:31:35.241112','2014-11-02 21:31:35.241112','Search',147,77);
INSERT INTO "clicks" VALUES(460,79,'2014-11-02 21:31:35.253378','2014-11-02 21:31:35.253378','Search',148,78);
INSERT INTO "clicks" VALUES(461,79,'2014-11-02 21:31:35.259051','2014-11-02 21:31:35.259051','Search',149,78);
INSERT INTO "clicks" VALUES(462,79,'2014-11-02 21:31:35.265745','2014-11-02 21:31:35.265745','Doc',158,78);
INSERT INTO "clicks" VALUES(463,79,'2014-11-02 21:31:35.271716','2014-11-02 21:31:35.271716','Tab',156,78);
INSERT INTO "clicks" VALUES(464,79,'2014-11-02 21:31:35.278140','2014-11-02 21:31:35.278140','Tab',157,78);
INSERT INTO "clicks" VALUES(465,79,'2014-11-02 21:31:35.355705','2014-11-02 21:31:35.355705','Search',150,78);
INSERT INTO "clicks" VALUES(466,79,'2014-11-02 21:31:35.362401','2014-11-02 21:31:35.362401','Doc',159,78);
INSERT INTO "clicks" VALUES(467,79,'2014-11-02 21:31:35.368965','2014-11-02 21:31:35.368965','Doc',160,78);
INSERT INTO "clicks" VALUES(468,79,'2014-11-02 21:31:35.375459','2014-11-02 21:31:35.375459','Tab',158,78);
INSERT INTO "clicks" VALUES(469,80,'2014-11-02 21:31:35.388670','2014-11-02 21:31:35.388670','Tab',159,79);
INSERT INTO "clicks" VALUES(470,81,'2014-11-02 21:31:35.401815','2014-11-02 21:31:35.401815','Doc',161,80);
INSERT INTO "clicks" VALUES(471,81,'2014-11-02 21:31:35.408377','2014-11-02 21:31:35.408377','Doc',162,80);
INSERT INTO "clicks" VALUES(472,81,'2014-11-02 21:31:35.414605','2014-11-02 21:31:35.414605','Search',151,80);
INSERT INTO "clicks" VALUES(473,82,'2014-11-02 21:31:35.428466','2014-11-02 21:31:35.428466','Tab',160,81);
INSERT INTO "clicks" VALUES(474,82,'2014-11-02 21:31:35.435110','2014-11-02 21:31:35.435110','Tab',161,81);
INSERT INTO "clicks" VALUES(475,82,'2014-11-02 21:31:35.441970','2014-11-02 21:31:35.441970','Doc',163,81);
INSERT INTO "clicks" VALUES(476,82,'2014-11-02 21:31:35.448249','2014-11-02 21:31:35.448249','Search',152,81);
INSERT INTO "clicks" VALUES(477,82,'2014-11-02 21:31:35.454338','2014-11-02 21:31:35.454338','Tab',162,81);
INSERT INTO "clicks" VALUES(478,82,'2014-11-02 21:31:35.460555','2014-11-02 21:31:35.460555','Search',153,81);
INSERT INTO "clicks" VALUES(479,82,'2014-11-02 21:31:35.466580','2014-11-02 21:31:35.466580','Tab',163,81);
INSERT INTO "clicks" VALUES(480,83,'2014-11-02 21:31:35.479153','2014-11-02 21:31:35.479153','Tab',164,82);
INSERT INTO "clicks" VALUES(481,83,'2014-11-02 21:31:35.485405','2014-11-02 21:31:35.485405','Search',154,82);
INSERT INTO "clicks" VALUES(482,83,'2014-11-02 21:31:35.491460','2014-11-02 21:31:35.491460','Tab',165,82);
INSERT INTO "clicks" VALUES(483,83,'2014-11-02 21:31:35.497808','2014-11-02 21:31:35.497808','Search',155,82);
INSERT INTO "clicks" VALUES(484,83,'2014-11-02 21:31:35.506712','2014-11-02 21:31:35.506712','Search',156,82);
INSERT INTO "clicks" VALUES(485,83,'2014-11-02 21:31:35.514482','2014-11-02 21:31:35.514482','Doc',164,82);
INSERT INTO "clicks" VALUES(486,83,'2014-11-02 21:31:35.520809','2014-11-02 21:31:35.520809','Tab',166,82);
INSERT INTO "clicks" VALUES(487,83,'2014-11-02 21:31:35.526742','2014-11-02 21:31:35.526742','Search',157,82);
INSERT INTO "clicks" VALUES(488,83,'2014-11-02 21:31:35.532965','2014-11-02 21:31:35.532965','Doc',165,82);
INSERT INTO "clicks" VALUES(489,83,'2014-11-02 21:31:35.539476','2014-11-02 21:31:35.539476','Search',158,82);
INSERT INTO "clicks" VALUES(490,84,'2014-11-02 21:31:35.554835','2014-11-02 21:31:35.554835','Doc',166,83);
INSERT INTO "clicks" VALUES(491,84,'2014-11-02 21:31:35.560984','2014-11-02 21:31:35.560984','Doc',167,83);
INSERT INTO "clicks" VALUES(492,84,'2014-11-02 21:31:35.567342','2014-11-02 21:31:35.567342','Doc',168,83);
INSERT INTO "clicks" VALUES(493,84,'2014-11-02 21:31:35.573695','2014-11-02 21:31:35.573695','Tab',167,83);
INSERT INTO "clicks" VALUES(494,84,'2014-11-02 21:31:35.579720','2014-11-02 21:31:35.579720','Search',159,83);
INSERT INTO "clicks" VALUES(495,84,'2014-11-02 21:31:35.586176','2014-11-02 21:31:35.586176','Tab',168,83);
INSERT INTO "clicks" VALUES(496,84,'2014-11-02 21:31:35.593342','2014-11-02 21:31:35.593342','Search',160,83);
INSERT INTO "clicks" VALUES(497,84,'2014-11-02 21:31:35.601415','2014-11-02 21:31:35.601415','Search',161,83);
INSERT INTO "clicks" VALUES(498,84,'2014-11-02 21:31:35.610464','2014-11-02 21:31:35.610464','Doc',169,83);
INSERT INTO "clicks" VALUES(499,84,'2014-11-02 21:31:35.616704','2014-11-02 21:31:35.616704','Search',162,83);
INSERT INTO "clicks" VALUES(500,84,'2014-11-02 21:31:35.622880','2014-11-02 21:31:35.622880','Search',163,83);
INSERT INTO "clicks" VALUES(501,85,'2014-11-02 21:31:35.635467','2014-11-02 21:31:35.635467','Doc',170,84);
INSERT INTO "clicks" VALUES(502,85,'2014-11-02 21:31:35.641762','2014-11-02 21:31:35.641762','Tab',169,84);
INSERT INTO "clicks" VALUES(503,85,'2014-11-02 21:31:35.647777','2014-11-02 21:31:35.647777','Tab',170,84);
INSERT INTO "clicks" VALUES(504,86,'2014-11-02 21:31:35.660527','2014-11-02 21:31:35.660527','Search',164,85);
INSERT INTO "clicks" VALUES(505,86,'2014-11-02 21:31:35.666230','2014-11-02 21:31:35.666230','Search',165,85);
INSERT INTO "clicks" VALUES(506,87,'2014-11-02 21:31:35.678892','2014-11-02 21:31:35.678892','Doc',171,86);
INSERT INTO "clicks" VALUES(507,87,'2014-11-02 21:31:35.685306','2014-11-02 21:31:35.685306','Doc',172,86);
INSERT INTO "clicks" VALUES(508,87,'2014-11-02 21:31:35.691597','2014-11-02 21:31:35.691597','Doc',173,86);
INSERT INTO "clicks" VALUES(509,87,'2014-11-02 21:31:35.697875','2014-11-02 21:31:35.697875','Doc',174,86);
INSERT INTO "clicks" VALUES(510,87,'2014-11-02 21:31:35.704005','2014-11-02 21:31:35.704005','Search',166,86);
INSERT INTO "clicks" VALUES(511,87,'2014-11-02 21:31:35.710831','2014-11-02 21:31:35.710831','Search',167,86);
INSERT INTO "clicks" VALUES(512,88,'2014-11-02 21:31:35.724240','2014-11-02 21:31:35.724240','Tab',171,87);
INSERT INTO "clicks" VALUES(513,88,'2014-11-02 21:31:35.730322','2014-11-02 21:31:35.730322','Search',168,87);
INSERT INTO "clicks" VALUES(514,88,'2014-11-02 21:31:35.736144','2014-11-02 21:31:35.736144','Search',169,87);
INSERT INTO "clicks" VALUES(515,88,'2014-11-02 21:31:35.743009','2014-11-02 21:31:35.743009','Search',170,87);
INSERT INTO "clicks" VALUES(516,89,'2014-11-02 21:31:35.755841','2014-11-02 21:31:35.755841','Search',171,88);
INSERT INTO "clicks" VALUES(517,89,'2014-11-02 21:31:35.761829','2014-11-02 21:31:35.761829','Tab',172,88);
INSERT INTO "clicks" VALUES(518,89,'2014-11-02 21:31:35.768281','2014-11-02 21:31:35.768281','Tab',173,88);
INSERT INTO "clicks" VALUES(519,89,'2014-11-02 21:31:35.774486','2014-11-02 21:31:35.774486','Search',172,88);
INSERT INTO "clicks" VALUES(520,89,'2014-11-02 21:31:35.781068','2014-11-02 21:31:35.781068','Doc',175,88);
INSERT INTO "clicks" VALUES(521,89,'2014-11-02 21:31:35.787154','2014-11-02 21:31:35.787154','Search',173,88);
INSERT INTO "clicks" VALUES(522,89,'2014-11-02 21:31:35.793769','2014-11-02 21:31:35.793769','Doc',176,88);
INSERT INTO "clicks" VALUES(523,89,'2014-11-02 21:31:35.799795','2014-11-02 21:31:35.799795','Tab',174,88);
INSERT INTO "clicks" VALUES(524,89,'2014-11-02 21:31:35.805973','2014-11-02 21:31:35.805973','Tab',175,88);
INSERT INTO "clicks" VALUES(525,89,'2014-11-02 21:31:35.812379','2014-11-02 21:31:35.812379','Doc',177,88);
INSERT INTO "clicks" VALUES(526,89,'2014-11-02 21:31:35.818668','2014-11-02 21:31:35.818668','Search',174,88);
INSERT INTO "clicks" VALUES(527,90,'2014-11-02 21:31:35.831523','2014-11-02 21:31:35.831523','Search',175,89);
INSERT INTO "clicks" VALUES(528,90,'2014-11-02 21:31:35.837261','2014-11-02 21:31:35.837261','Search',176,89);
INSERT INTO "clicks" VALUES(529,90,'2014-11-02 21:31:35.843308','2014-11-02 21:31:35.843308','Doc',178,89);
INSERT INTO "clicks" VALUES(530,90,'2014-11-02 21:31:35.849464','2014-11-02 21:31:35.849464','Doc',179,89);
INSERT INTO "clicks" VALUES(531,90,'2014-11-02 21:31:35.855924','2014-11-02 21:31:35.855924','Doc',180,89);
INSERT INTO "clicks" VALUES(532,90,'2014-11-02 21:31:35.861817','2014-11-02 21:31:35.861817','Tab',176,89);
INSERT INTO "clicks" VALUES(533,90,'2014-11-02 21:31:35.867748','2014-11-02 21:31:35.867748','Tab',177,89);
INSERT INTO "clicks" VALUES(534,90,'2014-11-02 21:31:35.874270','2014-11-02 21:31:35.874270','Doc',181,89);
INSERT INTO "clicks" VALUES(535,90,'2014-11-02 21:31:35.880881','2014-11-02 21:31:35.880881','Doc',182,89);
INSERT INTO "clicks" VALUES(536,90,'2014-11-02 21:31:35.887502','2014-11-02 21:31:35.887502','Doc',183,89);
INSERT INTO "clicks" VALUES(537,90,'2014-11-02 21:31:35.893598','2014-11-02 21:31:35.893598','Search',177,89);
INSERT INTO "clicks" VALUES(538,91,'2014-11-02 21:31:35.906442','2014-11-02 21:31:35.906442','Tab',178,90);
INSERT INTO "clicks" VALUES(539,91,'2014-11-02 21:31:35.912703','2014-11-02 21:31:35.912703','Tab',179,90);
INSERT INTO "clicks" VALUES(540,91,'2014-11-02 21:31:35.919054','2014-11-02 21:31:35.919054','Doc',184,90);
INSERT INTO "clicks" VALUES(541,91,'2014-11-02 21:31:35.925807','2014-11-02 21:31:35.925807','Search',178,90);
INSERT INTO "clicks" VALUES(542,91,'2014-11-02 21:31:35.931867','2014-11-02 21:31:35.931867','Doc',185,90);
INSERT INTO "clicks" VALUES(543,91,'2014-11-02 21:31:35.938645','2014-11-02 21:31:35.938645','Doc',186,90);
INSERT INTO "clicks" VALUES(544,91,'2014-11-02 21:31:35.945084','2014-11-02 21:31:35.945084','Tab',180,90);
INSERT INTO "clicks" VALUES(545,91,'2014-11-02 21:31:35.951519','2014-11-02 21:31:35.951519','Search',179,90);
INSERT INTO "clicks" VALUES(546,92,'2014-11-02 21:31:35.964597','2014-11-02 21:31:35.964597','Tab',181,91);
INSERT INTO "clicks" VALUES(547,92,'2014-11-02 21:31:35.970628','2014-11-02 21:31:35.970628','Doc',187,91);
INSERT INTO "clicks" VALUES(548,92,'2014-11-02 21:31:35.977026','2014-11-02 21:31:35.977026','Search',180,91);
INSERT INTO "clicks" VALUES(549,92,'2014-11-02 21:31:35.984144','2014-11-02 21:31:35.984144','Doc',188,91);
INSERT INTO "clicks" VALUES(550,92,'2014-11-02 21:31:35.993080','2014-11-02 21:31:35.993080','Doc',189,91);
INSERT INTO "clicks" VALUES(551,92,'2014-11-02 21:31:36.000517','2014-11-02 21:31:36.000517','Tab',182,91);
INSERT INTO "clicks" VALUES(552,92,'2014-11-02 21:31:36.006521','2014-11-02 21:31:36.006521','Search',181,91);
INSERT INTO "clicks" VALUES(553,93,'2014-11-02 21:31:36.019048','2014-11-02 21:31:36.019048','Search',182,92);
INSERT INTO "clicks" VALUES(554,94,'2014-11-02 21:31:36.031949','2014-11-02 21:31:36.031949','Tab',183,93);
INSERT INTO "clicks" VALUES(555,94,'2014-11-02 21:31:36.039532','2014-11-02 21:31:36.039532','Doc',190,93);
INSERT INTO "clicks" VALUES(556,94,'2014-11-02 21:31:36.045981','2014-11-02 21:31:36.045981','Tab',184,93);
INSERT INTO "clicks" VALUES(557,94,'2014-11-02 21:31:36.052168','2014-11-02 21:31:36.052168','Tab',185,93);
INSERT INTO "clicks" VALUES(558,94,'2014-11-02 21:31:36.058615','2014-11-02 21:31:36.058615','Tab',186,93);
INSERT INTO "clicks" VALUES(559,94,'2014-11-02 21:31:36.067494','2014-11-02 21:31:36.067494','Doc',191,93);
INSERT INTO "clicks" VALUES(560,95,'2014-11-02 21:31:36.082506','2014-11-02 21:31:36.082506','Search',183,94);
INSERT INTO "clicks" VALUES(561,95,'2014-11-02 21:31:36.089336','2014-11-02 21:31:36.089336','Search',184,94);
INSERT INTO "clicks" VALUES(562,95,'2014-11-02 21:31:36.096304','2014-11-02 21:31:36.096304','Search',185,94);
INSERT INTO "clicks" VALUES(563,95,'2014-11-02 21:31:36.103318','2014-11-02 21:31:36.103318','Search',186,94);
INSERT INTO "clicks" VALUES(564,95,'2014-11-02 21:31:36.196662','2014-11-02 21:31:36.196662','Tab',187,94);
INSERT INTO "clicks" VALUES(565,95,'2014-11-02 21:31:36.206256','2014-11-02 21:31:36.206256','Tab',188,94);
INSERT INTO "clicks" VALUES(566,95,'2014-11-02 21:31:36.215414','2014-11-02 21:31:36.215414','Search',187,94);
INSERT INTO "clicks" VALUES(567,96,'2014-11-02 21:31:36.229803','2014-11-02 21:31:36.229803','Tab',189,95);
INSERT INTO "clicks" VALUES(568,96,'2014-11-02 21:31:36.236432','2014-11-02 21:31:36.236432','Doc',192,95);
INSERT INTO "clicks" VALUES(569,96,'2014-11-02 21:31:36.242744','2014-11-02 21:31:36.242744','Search',188,95);
INSERT INTO "clicks" VALUES(570,96,'2014-11-02 21:31:36.249128','2014-11-02 21:31:36.249128','Doc',193,95);
INSERT INTO "clicks" VALUES(571,96,'2014-11-02 21:31:36.255644','2014-11-02 21:31:36.255644','Search',189,95);
INSERT INTO "clicks" VALUES(572,96,'2014-11-02 21:31:36.261486','2014-11-02 21:31:36.261486','Search',190,95);
INSERT INTO "clicks" VALUES(573,96,'2014-11-02 21:31:36.268086','2014-11-02 21:31:36.268086','Tab',190,95);
INSERT INTO "clicks" VALUES(574,97,'2014-11-02 21:31:36.281662','2014-11-02 21:31:36.281662','Search',191,96);
INSERT INTO "clicks" VALUES(575,97,'2014-11-02 21:31:36.288599','2014-11-02 21:31:36.288599','Search',192,96);
INSERT INTO "clicks" VALUES(576,97,'2014-11-02 21:31:36.294830','2014-11-02 21:31:36.294830','Search',193,96);
INSERT INTO "clicks" VALUES(577,97,'2014-11-02 21:31:36.302047','2014-11-02 21:31:36.302047','Doc',194,96);
INSERT INTO "clicks" VALUES(578,97,'2014-11-02 21:31:36.310250','2014-11-02 21:31:36.310250','Tab',191,96);
INSERT INTO "clicks" VALUES(579,97,'2014-11-02 21:31:36.316885','2014-11-02 21:31:36.316885','Search',194,96);
INSERT INTO "clicks" VALUES(580,97,'2014-11-02 21:31:36.327020','2014-11-02 21:31:36.327020','Tab',192,96);
INSERT INTO "clicks" VALUES(581,98,'2014-11-02 21:31:36.342421','2014-11-02 21:31:36.342421','Search',195,97);
INSERT INTO "clicks" VALUES(582,98,'2014-11-02 21:31:36.348962','2014-11-02 21:31:36.348962','Tab',193,97);
INSERT INTO "clicks" VALUES(583,98,'2014-11-02 21:31:36.355321','2014-11-02 21:31:36.355321','Search',196,97);
INSERT INTO "clicks" VALUES(584,98,'2014-11-02 21:31:36.361459','2014-11-02 21:31:36.361459','Doc',195,97);
INSERT INTO "clicks" VALUES(585,98,'2014-11-02 21:31:36.367910','2014-11-02 21:31:36.367910','Tab',194,97);
INSERT INTO "clicks" VALUES(586,98,'2014-11-02 21:31:36.374683','2014-11-02 21:31:36.374683','Doc',196,97);
INSERT INTO "clicks" VALUES(587,98,'2014-11-02 21:31:36.381051','2014-11-02 21:31:36.381051','Search',197,97);
INSERT INTO "clicks" VALUES(588,98,'2014-11-02 21:31:36.387277','2014-11-02 21:31:36.387277','Tab',195,97);
INSERT INTO "clicks" VALUES(589,98,'2014-11-02 21:31:36.393594','2014-11-02 21:31:36.393594','Tab',196,97);
INSERT INTO "clicks" VALUES(590,99,'2014-11-02 21:31:36.406459','2014-11-02 21:31:36.406459','Doc',197,98);
INSERT INTO "clicks" VALUES(591,99,'2014-11-02 21:31:36.412946','2014-11-02 21:31:36.412946','Doc',198,98);
INSERT INTO "clicks" VALUES(592,99,'2014-11-02 21:31:36.419443','2014-11-02 21:31:36.419443','Tab',197,98);
INSERT INTO "clicks" VALUES(593,100,'2014-11-02 21:31:36.431896','2014-11-02 21:31:36.431896','Search',198,99);
INSERT INTO "clicks" VALUES(594,100,'2014-11-02 21:31:36.438550','2014-11-02 21:31:36.438550','Doc',199,99);
INSERT INTO "clicks" VALUES(595,100,'2014-11-02 21:31:36.444958','2014-11-02 21:31:36.444958','Doc',200,99);
INSERT INTO "clicks" VALUES(596,100,'2014-11-02 21:31:36.451345','2014-11-02 21:31:36.451345','Doc',201,99);
INSERT INTO "clicks" VALUES(597,100,'2014-11-02 21:31:36.457437','2014-11-02 21:31:36.457437','Search',199,99);
INSERT INTO "clicks" VALUES(598,100,'2014-11-02 21:31:36.463523','2014-11-02 21:31:36.463523','Tab',198,99);
INSERT INTO "clicks" VALUES(599,100,'2014-11-02 21:31:36.469746','2014-11-02 21:31:36.469746','Tab',199,99);
INSERT INTO "clicks" VALUES(600,100,'2014-11-02 21:31:36.476208','2014-11-02 21:31:36.476208','Tab',200,99);
INSERT INTO "clicks" VALUES(601,100,'2014-11-02 21:31:36.482368','2014-11-02 21:31:36.482368','Tab',201,99);
INSERT INTO "clicks" VALUES(602,100,'2014-11-02 21:31:36.489021','2014-11-02 21:31:36.489021','Doc',202,99);
INSERT INTO "clicks" VALUES(603,100,'2014-11-02 21:31:36.495081','2014-11-02 21:31:36.495081','Tab',202,99);
INSERT INTO "clicks" VALUES(604,1,'2014-11-05 21:39:07.784336','2014-11-05 21:39:07.784336','Tab',203,101);
INSERT INTO "clicks" VALUES(605,1,'2014-11-05 21:39:08.205821','2014-11-05 21:39:08.205821','Tab',204,101);
INSERT INTO "clicks" VALUES(606,1,'2014-11-05 21:39:08.847742','2014-11-05 21:39:08.847742','Tab',205,101);
INSERT INTO "clicks" VALUES(607,1,'2014-11-05 21:39:09.480528','2014-11-05 21:39:09.480528','Tab',206,101);
INSERT INTO "clicks" VALUES(608,1,'2014-11-05 21:40:33.749172','2014-11-05 21:40:33.749172','Tab',207,101);
INSERT INTO "clicks" VALUES(609,1,'2014-11-05 21:40:56.283086','2014-11-05 21:40:56.283086','Doc',203,101);
INSERT INTO "clicks" VALUES(610,1,'2014-11-05 21:40:57.219220','2014-11-05 21:40:57.219220','Doc',204,101);
INSERT INTO "clicks" VALUES(611,1,'2014-11-05 21:40:57.523730','2014-11-05 21:40:57.523730','Tab',208,101);
INSERT INTO "clicks" VALUES(612,1,'2014-11-05 21:40:58.464292','2014-11-05 21:40:58.464292','Doc',205,101);
INSERT INTO "clicks" VALUES(613,1,'2014-11-05 21:40:58.530094','2014-11-05 21:40:58.530094','Tab',209,101);
INSERT INTO "clicks" VALUES(614,1,'2014-11-05 21:40:59.445111','2014-11-05 21:40:59.445111','Tab',210,101);
CREATE TABLE "docs" ("id" INTEGER PRIMARY KEY AUTOINCREMENT NOT NULL, "title" varchar, "doc_num" varchar, "created_at" datetime NOT NULL, "updated_at" datetime NOT NULL, "tab_click" boolean);
INSERT INTO "docs" VALUES(1,'["quos", "voluptatem", "aut", "molestiae"]','DOC-1230','2014-11-02 21:31:31.266700','2014-11-02 21:31:31.266700','t');
INSERT INTO "docs" VALUES(2,'["quia", "animi", "blanditiis", "eligendi"]','DOC-1203','2014-11-02 21:31:31.276839','2014-11-02 21:31:31.276839','f');
INSERT INTO "docs" VALUES(3,'["eos", "est", "harum", "quo"]','DOC-1256','2014-11-02 21:31:31.334678','2014-11-02 21:31:31.334678','f');
INSERT INTO "docs" VALUES(4,'["ipsa", "eos", "sint", "doloribus"]','DOC-1053','2014-11-02 21:31:31.346966','2014-11-02 21:31:31.346966','f');
INSERT INTO "docs" VALUES(5,'["quod", "illum", "aspernatur", "laudantium"]','DOC-1141','2014-11-02 21:31:31.386190','2014-11-02 21:31:31.386190','f');
INSERT INTO "docs" VALUES(6,'["blanditiis", "in", "fugit", "temporibus"]','DOC-1140','2014-11-02 21:31:31.412534','2014-11-02 21:31:31.412534','t');
INSERT INTO "docs" VALUES(7,'["quam", "ut", "et", "reprehenderit"]','DOC-1070','2014-11-02 21:31:31.425318','2014-11-02 21:31:31.425318','t');
INSERT INTO "docs" VALUES(8,'["libero", "eos", "qui", "voluptates"]','DOC-1172','2014-11-02 21:31:31.488151','2014-11-02 21:31:31.488151','t');
INSERT INTO "docs" VALUES(9,'["molestiae", "rerum", "et", "sapiente"]','DOC-1289','2014-11-02 21:31:31.532053','2014-11-02 21:31:31.532053','t');
INSERT INTO "docs" VALUES(10,'["error", "nulla", "perspiciatis", "nostrum"]','DOC-1011','2014-11-02 21:31:31.551121','2014-11-02 21:31:31.551121','t');
INSERT INTO "docs" VALUES(11,'["facilis", "voluptate", "unde", "ut"]','DOC-1020','2014-11-02 21:31:31.557708','2014-11-02 21:31:31.557708','t');
INSERT INTO "docs" VALUES(12,'["quia", "ea", "natus", "sint"]','DOC-1291','2014-11-02 21:31:31.577706','2014-11-02 21:31:31.577706','t');
INSERT INTO "docs" VALUES(13,'["necessitatibus", "qui", "delectus", "ut"]','DOC-1063','2014-11-02 21:31:31.590821','2014-11-02 21:31:31.590821','f');
INSERT INTO "docs" VALUES(14,'["qui", "accusamus", "recusandae", "sed"]','DOC-1075','2014-11-02 21:31:31.603699','2014-11-02 21:31:31.603699','f');
INSERT INTO "docs" VALUES(15,'["corrupti", "reiciendis", "autem", "hic"]','DOC-1145','2014-11-02 21:31:31.629172','2014-11-02 21:31:31.629172','t');
INSERT INTO "docs" VALUES(16,'["et", "corrupti", "qui", "at"]','DOC-1217','2014-11-02 21:31:31.641326','2014-11-02 21:31:31.641326','f');
INSERT INTO "docs" VALUES(17,'["voluptatum", "corrupti", "beatae", "enim"]','DOC-1037','2014-11-02 21:31:31.666927','2014-11-02 21:31:31.666927','t');
INSERT INTO "docs" VALUES(18,'["ut", "nostrum", "non", "illum"]','DOC-1043','2014-11-02 21:31:31.679265','2014-11-02 21:31:31.679265','t');
INSERT INTO "docs" VALUES(19,'["aut", "sunt", "eum", "fugiat"]','DOC-1187','2014-11-02 21:31:31.685504','2014-11-02 21:31:31.685504','f');
INSERT INTO "docs" VALUES(20,'["minima", "sunt", "alias", "exercitationem"]','DOC-1095','2014-11-02 21:31:31.700217','2014-11-02 21:31:31.700217','t');
INSERT INTO "docs" VALUES(21,'["dolorem", "ad", "vel", "sit"]','DOC-1073','2014-11-02 21:31:31.756592','2014-11-02 21:31:31.756592','f');
INSERT INTO "docs" VALUES(22,'["laudantium", "itaque", "tempora", "dolores"]','DOC-1267','2014-11-02 21:31:31.763063','2014-11-02 21:31:31.763063','f');
INSERT INTO "docs" VALUES(23,'["possimus", "itaque", "perferendis", "est"]','DOC-1050','2014-11-02 21:31:31.788149','2014-11-02 21:31:31.788149','t');
INSERT INTO "docs" VALUES(24,'["quia", "aut", "quia", "asperiores"]','DOC-1299','2014-11-02 21:31:31.794212','2014-11-02 21:31:31.794212','f');
INSERT INTO "docs" VALUES(25,'["eligendi", "eos", "delectus", "tempora"]','DOC-1033','2014-11-02 21:31:31.814721','2014-11-02 21:31:31.814721','f');
INSERT INTO "docs" VALUES(26,'["eligendi", "mollitia", "neque", "corporis"]','DOC-1130','2014-11-02 21:31:31.901739','2014-11-02 21:31:31.901739','t');
INSERT INTO "docs" VALUES(27,'["corporis", "eaque", "reiciendis", "sunt"]','DOC-1181','2014-11-02 21:31:31.930017','2014-11-02 21:31:31.930017','t');
INSERT INTO "docs" VALUES(28,'["molestias", "maxime", "voluptas", "rem"]','DOC-1070','2014-11-02 21:31:31.949388','2014-11-02 21:31:31.949388','t');
INSERT INTO "docs" VALUES(29,'["exercitationem", "labore", "laboriosam", "iusto"]','DOC-1266','2014-11-02 21:31:31.982841','2014-11-02 21:31:31.982841','t');
INSERT INTO "docs" VALUES(30,'["officia", "sed", "officiis", "molestiae"]','DOC-1106','2014-11-02 21:31:31.995864','2014-11-02 21:31:31.995864','f');
INSERT INTO "docs" VALUES(31,'["harum", "omnis", "saepe", "voluptate"]','DOC-1109','2014-11-02 21:31:32.027669','2014-11-02 21:31:32.027669','f');
INSERT INTO "docs" VALUES(32,'["ullam", "adipisci", "praesentium", "aut"]','DOC-1196','2014-11-02 21:31:32.054413','2014-11-02 21:31:32.054413','f');
INSERT INTO "docs" VALUES(33,'["quia", "mollitia", "esse", "quo"]','DOC-1105','2014-11-02 21:31:32.060907','2014-11-02 21:31:32.060907','t');
INSERT INTO "docs" VALUES(34,'["dolor", "et", "consectetur", "nesciunt"]','DOC-1286','2014-11-02 21:31:32.067244','2014-11-02 21:31:32.067244','t');
INSERT INTO "docs" VALUES(35,'["est", "corporis", "non", "non"]','DOC-1095','2014-11-02 21:31:32.073721','2014-11-02 21:31:32.073721','f');
INSERT INTO "docs" VALUES(36,'["accusantium", "omnis", "corporis", "minus"]','DOC-1097','2014-11-02 21:31:32.110439','2014-11-02 21:31:32.110439','t');
INSERT INTO "docs" VALUES(37,'["esse", "in", "quia", "reiciendis"]','DOC-1025','2014-11-02 21:31:32.116697','2014-11-02 21:31:32.116697','f');
INSERT INTO "docs" VALUES(38,'["est", "modi", "necessitatibus", "accusantium"]','DOC-1017','2014-11-02 21:31:32.123252','2014-11-02 21:31:32.123252','f');
INSERT INTO "docs" VALUES(39,'["eum", "at", "nobis", "eius"]','DOC-1120','2014-11-02 21:31:32.129727','2014-11-02 21:31:32.129727','f');
INSERT INTO "docs" VALUES(40,'["sint", "earum", "eligendi", "sapiente"]','DOC-1252','2014-11-02 21:31:32.162192','2014-11-02 21:31:32.162192','t');
INSERT INTO "docs" VALUES(41,'["rerum", "harum", "qui", "quia"]','DOC-1065','2014-11-02 21:31:32.250332','2014-11-02 21:31:32.250332','f');
INSERT INTO "docs" VALUES(42,'["sint", "aut", "dolores", "quam"]','DOC-1113','2014-11-02 21:31:32.259099','2014-11-02 21:31:32.259099','t');
INSERT INTO "docs" VALUES(43,'["et", "qui", "esse", "ex"]','DOC-1023','2014-11-02 21:31:32.331484','2014-11-02 21:31:32.331484','t');
INSERT INTO "docs" VALUES(44,'["distinctio", "deleniti", "quo", "cupiditate"]','DOC-1241','2014-11-02 21:31:32.357486','2014-11-02 21:31:32.357486','t');
INSERT INTO "docs" VALUES(45,'["sit", "officiis", "recusandae", "iste"]','DOC-1196','2014-11-02 21:31:32.367673','2014-11-02 21:31:32.367673','f');
INSERT INTO "docs" VALUES(46,'["et", "numquam", "ratione", "dignissimos"]','DOC-1180','2014-11-02 21:31:32.480911','2014-11-02 21:31:32.480911','f');
INSERT INTO "docs" VALUES(47,'["officia", "omnis", "id", "aut"]','DOC-1251','2014-11-02 21:31:32.510949','2014-11-02 21:31:32.510949','t');
INSERT INTO "docs" VALUES(48,'["sunt", "iure", "odio", "mollitia"]','DOC-1257','2014-11-02 21:31:32.517180','2014-11-02 21:31:32.517180','t');
INSERT INTO "docs" VALUES(49,'["et", "beatae", "ut", "ea"]','DOC-1125','2014-11-02 21:31:32.523538','2014-11-02 21:31:32.523538','t');
INSERT INTO "docs" VALUES(50,'["exercitationem", "rerum", "blanditiis", "autem"]','DOC-1196','2014-11-02 21:31:32.529832','2014-11-02 21:31:32.529832','t');
INSERT INTO "docs" VALUES(51,'["enim", "vel", "quibusdam", "quia"]','DOC-1192','2014-11-02 21:31:32.562547','2014-11-02 21:31:32.562547','f');
INSERT INTO "docs" VALUES(52,'["debitis", "deleniti", "est", "ducimus"]','DOC-1077','2014-11-02 21:31:32.575145','2014-11-02 21:31:32.575145','t');
INSERT INTO "docs" VALUES(53,'["aliquid", "est", "ut", "ad"]','DOC-1226','2014-11-02 21:31:32.582196','2014-11-02 21:31:32.582196','t');
INSERT INTO "docs" VALUES(54,'["porro", "velit", "illo", "aut"]','DOC-1123','2014-11-02 21:31:32.600992','2014-11-02 21:31:32.600992','f');
INSERT INTO "docs" VALUES(55,'["corporis", "enim", "quis", "nihil"]','DOC-1230','2014-11-02 21:31:32.619978','2014-11-02 21:31:32.619978','t');
INSERT INTO "docs" VALUES(56,'["ab", "consequuntur", "maxime", "fuga"]','DOC-1106','2014-11-02 21:31:32.633173','2014-11-02 21:31:32.633173','f');
INSERT INTO "docs" VALUES(57,'["ad", "dolorem", "accusamus", "in"]','DOC-1213','2014-11-02 21:31:32.653063','2014-11-02 21:31:32.653063','t');
INSERT INTO "docs" VALUES(58,'["hic", "quisquam", "corrupti", "sint"]','DOC-1017','2014-11-02 21:31:32.659251','2014-11-02 21:31:32.659251','t');
INSERT INTO "docs" VALUES(59,'["dolore", "accusantium", "ab", "praesentium"]','DOC-1081','2014-11-02 21:31:32.691074','2014-11-02 21:31:32.691074','t');
INSERT INTO "docs" VALUES(60,'["ut", "sit", "qui", "et"]','DOC-1273','2014-11-02 21:31:32.786044','2014-11-02 21:31:32.786044','t');
INSERT INTO "docs" VALUES(61,'["quis", "ut", "ab", "consequuntur"]','DOC-1255','2014-11-02 21:31:32.811203','2014-11-02 21:31:32.811203','f');
INSERT INTO "docs" VALUES(62,'["sapiente", "fuga", "dicta", "sint"]','DOC-1063','2014-11-02 21:31:32.830107','2014-11-02 21:31:32.830107','t');
INSERT INTO "docs" VALUES(63,'["nam", "soluta", "quo", "beatae"]','DOC-1132','2014-11-02 21:31:32.902668','2014-11-02 21:31:32.902668','f');
INSERT INTO "docs" VALUES(64,'["vel", "modi", "et", "sit"]','DOC-1134','2014-11-02 21:31:32.941946','2014-11-02 21:31:32.941946','f');
INSERT INTO "docs" VALUES(65,'["aut", "ducimus", "molestiae", "officia"]','DOC-1273','2014-11-02 21:31:32.948566','2014-11-02 21:31:32.948566','t');
INSERT INTO "docs" VALUES(66,'["et", "eum", "suscipit", "ut"]','DOC-1106','2014-11-02 21:31:32.990550','2014-11-02 21:31:32.990550','f');
INSERT INTO "docs" VALUES(67,'["ut", "et", "qui", "ex"]','DOC-1201','2014-11-02 21:31:33.026319','2014-11-02 21:31:33.026319','t');
INSERT INTO "docs" VALUES(68,'["aliquam", "rem", "omnis", "adipisci"]','DOC-1133','2014-11-02 21:31:33.032665','2014-11-02 21:31:33.032665','t');
INSERT INTO "docs" VALUES(69,'["minus", "eius", "aliquid", "quos"]','DOC-1166','2014-11-02 21:31:33.053176','2014-11-02 21:31:33.053176','t');
INSERT INTO "docs" VALUES(70,'["amet", "alias", "consequatur", "ratione"]','DOC-1254','2014-11-02 21:31:33.106589','2014-11-02 21:31:33.106589','f');
INSERT INTO "docs" VALUES(71,'["aspernatur", "mollitia", "quia", "nam"]','DOC-1055','2014-11-02 21:31:33.132501','2014-11-02 21:31:33.132501','t');
INSERT INTO "docs" VALUES(72,'["ducimus", "expedita", "repellat", "atque"]','DOC-1062','2014-11-02 21:31:33.139345','2014-11-02 21:31:33.139345','f');
INSERT INTO "docs" VALUES(73,'["iure", "est", "aut", "eum"]','DOC-1047','2014-11-02 21:31:33.151526','2014-11-02 21:31:33.151526','t');
INSERT INTO "docs" VALUES(74,'["ipsa", "maxime", "quia", "alias"]','DOC-1249','2014-11-02 21:31:33.158337','2014-11-02 21:31:33.158337','f');
INSERT INTO "docs" VALUES(75,'["consectetur", "impedit", "quo", "explicabo"]','DOC-1225','2014-11-02 21:31:33.165350','2014-11-02 21:31:33.165350','t');
INSERT INTO "docs" VALUES(76,'["odit", "enim", "omnis", "et"]','DOC-1172','2014-11-02 21:31:33.178205','2014-11-02 21:31:33.178205','t');
INSERT INTO "docs" VALUES(77,'["nesciunt", "iste", "aperiam", "totam"]','DOC-1075','2014-11-02 21:31:33.274835','2014-11-02 21:31:33.274835','t');
INSERT INTO "docs" VALUES(78,'["quia", "sint", "placeat", "reiciendis"]','DOC-1072','2014-11-02 21:31:33.294160','2014-11-02 21:31:33.294160','t');
INSERT INTO "docs" VALUES(79,'["quam", "dicta", "quo", "aut"]','DOC-1063','2014-11-02 21:31:33.323386','2014-11-02 21:31:33.323386','f');
INSERT INTO "docs" VALUES(80,'["sunt", "dolorem", "qui", "natus"]','DOC-1193','2014-11-02 21:31:33.329648','2014-11-02 21:31:33.329648','t');
INSERT INTO "docs" VALUES(81,'["quam", "sit", "corporis", "rerum"]','DOC-1165','2014-11-02 21:31:33.354200','2014-11-02 21:31:33.354200','f');
INSERT INTO "docs" VALUES(82,'["quia", "ratione", "et", "ipsa"]','DOC-1083','2014-11-02 21:31:33.360685','2014-11-02 21:31:33.360685','f');
INSERT INTO "docs" VALUES(83,'["sint", "consequatur", "soluta", "consequuntur"]','DOC-1120','2014-11-02 21:31:33.385547','2014-11-02 21:31:33.385547','t');
INSERT INTO "docs" VALUES(84,'["in", "nihil", "laboriosam", "earum"]','DOC-1011','2014-11-02 21:31:33.412898','2014-11-02 21:31:33.412898','f');
INSERT INTO "docs" VALUES(85,'["est", "qui", "omnis", "voluptatem"]','DOC-1254','2014-11-02 21:31:33.418997','2014-11-02 21:31:33.418997','f');
INSERT INTO "docs" VALUES(86,'["est", "consequatur", "et", "quam"]','DOC-1180','2014-11-02 21:31:33.431578','2014-11-02 21:31:33.431578','t');
INSERT INTO "docs" VALUES(87,'["tempora", "eligendi", "asperiores", "illum"]','DOC-1201','2014-11-02 21:31:33.460143','2014-11-02 21:31:33.460143','t');
INSERT INTO "docs" VALUES(88,'["enim", "voluptas", "repudiandae", "ipsum"]','DOC-1224','2014-11-02 21:31:33.503526','2014-11-02 21:31:33.503526','f');
INSERT INTO "docs" VALUES(89,'["harum", "et", "voluptatem", "nemo"]','DOC-1003','2014-11-02 21:31:33.610353','2014-11-02 21:31:33.610353','f');
INSERT INTO "docs" VALUES(90,'["iusto", "delectus", "ea", "dolorem"]','DOC-1066','2014-11-02 21:31:33.633510','2014-11-02 21:31:33.633510','t');
INSERT INTO "docs" VALUES(91,'["culpa", "magnam", "voluptatem", "aut"]','DOC-1119','2014-11-02 21:31:33.666199','2014-11-02 21:31:33.666199','t');
INSERT INTO "docs" VALUES(92,'["sit", "exercitationem", "et", "cumque"]','DOC-1246','2014-11-02 21:31:33.698467','2014-11-02 21:31:33.698467','f');
INSERT INTO "docs" VALUES(93,'["possimus", "dicta", "atque", "magni"]','DOC-1270','2014-11-02 21:31:33.747454','2014-11-02 21:31:33.747454','f');
INSERT INTO "docs" VALUES(94,'["et", "sint", "quisquam", "accusamus"]','DOC-1274','2014-11-02 21:31:33.755022','2014-11-02 21:31:33.755022','f');
INSERT INTO "docs" VALUES(95,'["repellendus", "laborum", "sapiente", "qui"]','DOC-1068','2014-11-02 21:31:33.809613','2014-11-02 21:31:33.809613','t');
INSERT INTO "docs" VALUES(96,'["eius", "illum", "qui", "explicabo"]','DOC-1128','2014-11-02 21:31:33.818236','2014-11-02 21:31:33.818236','t');
INSERT INTO "docs" VALUES(97,'["aperiam", "qui", "similique", "voluptatem"]','DOC-1277','2014-11-02 21:31:33.855654','2014-11-02 21:31:33.855654','t');
INSERT INTO "docs" VALUES(98,'["itaque", "molestiae", "sit", "aut"]','DOC-1033','2014-11-02 21:31:33.909187','2014-11-02 21:31:33.909187','t');
INSERT INTO "docs" VALUES(99,'["quibusdam", "cumque", "qui", "accusantium"]','DOC-1224','2014-11-02 21:31:33.918084','2014-11-02 21:31:33.918084','f');
INSERT INTO "docs" VALUES(100,'["sed", "eum", "aliquid", "laboriosam"]','DOC-1188','2014-11-02 21:31:33.926277','2014-11-02 21:31:33.926277','f');
INSERT INTO "docs" VALUES(101,'["placeat", "totam", "pariatur", "doloribus"]','DOC-1153','2014-11-02 21:31:34.005423','2014-11-02 21:31:34.005423','t');
INSERT INTO "docs" VALUES(102,'["mollitia", "laudantium", "libero", "non"]','DOC-1110','2014-11-02 21:31:34.031664','2014-11-02 21:31:34.031664','t');
INSERT INTO "docs" VALUES(103,'["temporibus", "exercitationem", "officia", "ut"]','DOC-1064','2014-11-02 21:31:34.042133','2014-11-02 21:31:34.042133','t');
INSERT INTO "docs" VALUES(104,'["quis", "id", "qui", "sequi"]','DOC-1018','2014-11-02 21:31:34.095834','2014-11-02 21:31:34.095834','t');
INSERT INTO "docs" VALUES(105,'["voluptas", "debitis", "nisi", "voluptatum"]','DOC-1053','2014-11-02 21:31:34.102945','2014-11-02 21:31:34.102945','f');
INSERT INTO "docs" VALUES(106,'["a", "enim", "sequi", "nulla"]','DOC-1022','2014-11-02 21:31:34.134729','2014-11-02 21:31:34.134729','t');
INSERT INTO "docs" VALUES(107,'["ut", "qui", "sint", "dolor"]','DOC-1105','2014-11-02 21:31:34.148489','2014-11-02 21:31:34.148489','f');
INSERT INTO "docs" VALUES(108,'["et", "consequatur", "qui", "omnis"]','DOC-1015','2014-11-02 21:31:34.154699','2014-11-02 21:31:34.154699','f');
INSERT INTO "docs" VALUES(109,'["tempore", "illo", "recusandae", "expedita"]','DOC-1018','2014-11-02 21:31:34.167105','2014-11-02 21:31:34.167105','t');
INSERT INTO "docs" VALUES(110,'["fugiat", "corporis", "maiores", "quaerat"]','DOC-1185','2014-11-02 21:31:34.173618','2014-11-02 21:31:34.173618','f');
INSERT INTO "docs" VALUES(111,'["ullam", "et", "ut", "quia"]','DOC-1016','2014-11-02 21:31:34.180032','2014-11-02 21:31:34.180032','t');
INSERT INTO "docs" VALUES(112,'["sunt", "quia", "rerum", "sequi"]','DOC-1150','2014-11-02 21:31:34.212340','2014-11-02 21:31:34.212340','f');
INSERT INTO "docs" VALUES(113,'["est", "beatae", "voluptates", "rerum"]','DOC-1097','2014-11-02 21:31:34.230404','2014-11-02 21:31:34.230404','f');
INSERT INTO "docs" VALUES(114,'["odit", "eveniet", "quia", "et"]','DOC-1223','2014-11-02 21:31:34.250414','2014-11-02 21:31:34.250414','t');
INSERT INTO "docs" VALUES(115,'["omnis", "deserunt", "odit", "saepe"]','DOC-1065','2014-11-02 21:31:34.263787','2014-11-02 21:31:34.263787','f');
INSERT INTO "docs" VALUES(116,'["laboriosam", "ut", "sed", "enim"]','DOC-1214','2014-11-02 21:31:34.269989','2014-11-02 21:31:34.269989','t');
INSERT INTO "docs" VALUES(117,'["sed", "repellendus", "et", "et"]','DOC-1182','2014-11-02 21:31:34.298984','2014-11-02 21:31:34.298984','t');
INSERT INTO "docs" VALUES(118,'["saepe", "et", "tempore", "assumenda"]','DOC-1055','2014-11-02 21:31:34.314098','2014-11-02 21:31:34.314098','f');
INSERT INTO "docs" VALUES(119,'["in", "incidunt", "tempora", "soluta"]','DOC-1052','2014-11-02 21:31:34.327204','2014-11-02 21:31:34.327204','f');
INSERT INTO "docs" VALUES(120,'["corrupti", "ut", "doloremque", "numquam"]','DOC-1186','2014-11-02 21:31:34.334019','2014-11-02 21:31:34.334019','t');
INSERT INTO "docs" VALUES(121,'["quae", "similique", "qui", "fugit"]','DOC-1218','2014-11-02 21:31:34.352866','2014-11-02 21:31:34.352866','f');
INSERT INTO "docs" VALUES(122,'["eum", "voluptas", "quae", "voluptatibus"]','DOC-1286','2014-11-02 21:31:34.392254','2014-11-02 21:31:34.392254','f');
INSERT INTO "docs" VALUES(123,'["laborum", "nostrum", "et", "doloremque"]','DOC-1046','2014-11-02 21:31:34.398689','2014-11-02 21:31:34.398689','f');
INSERT INTO "docs" VALUES(124,'["laboriosam", "voluptatibus", "qui", "ad"]','DOC-1140','2014-11-02 21:31:34.424651','2014-11-02 21:31:34.424651','t');
INSERT INTO "docs" VALUES(125,'["possimus", "sapiente", "consequatur", "minus"]','DOC-1010','2014-11-02 21:31:34.449196','2014-11-02 21:31:34.449196','f');
INSERT INTO "docs" VALUES(126,'["quia", "et", "enim", "reiciendis"]','DOC-1288','2014-11-02 21:31:34.583687','2014-11-02 21:31:34.583687','t');
INSERT INTO "docs" VALUES(127,'["id", "qui", "officiis", "eaque"]','DOC-1286','2014-11-02 21:31:34.615715','2014-11-02 21:31:34.615715','t');
INSERT INTO "docs" VALUES(128,'["dolores", "aut", "ut", "consequatur"]','DOC-1246','2014-11-02 21:31:34.622323','2014-11-02 21:31:34.622323','f');
INSERT INTO "docs" VALUES(129,'["aut", "fuga", "non", "laudantium"]','DOC-1033','2014-11-02 21:31:34.659271','2014-11-02 21:31:34.659271','t');
INSERT INTO "docs" VALUES(130,'["vel", "excepturi", "assumenda", "at"]','DOC-1096','2014-11-02 21:31:34.680481','2014-11-02 21:31:34.680481','f');
INSERT INTO "docs" VALUES(131,'["quos", "consequatur", "eius", "delectus"]','DOC-1042','2014-11-02 21:31:34.713115','2014-11-02 21:31:34.713115','f');
INSERT INTO "docs" VALUES(132,'["qui", "sequi", "ullam", "debitis"]','DOC-1178','2014-11-02 21:31:34.719173','2014-11-02 21:31:34.719173','t');
INSERT INTO "docs" VALUES(133,'["enim", "libero", "ut", "consequatur"]','DOC-1105','2014-11-02 21:31:34.749856','2014-11-02 21:31:34.749856','f');
INSERT INTO "docs" VALUES(134,'["esse", "est", "molestiae", "est"]','DOC-1089','2014-11-02 21:31:34.756198','2014-11-02 21:31:34.756198','t');
INSERT INTO "docs" VALUES(135,'["sunt", "nisi", "omnis", "laborum"]','DOC-1286','2014-11-02 21:31:34.762918','2014-11-02 21:31:34.762918','f');
INSERT INTO "docs" VALUES(136,'["quam", "deserunt", "consequuntur", "voluptatem"]','DOC-1264','2014-11-02 21:31:34.790189','2014-11-02 21:31:34.790189','f');
INSERT INTO "docs" VALUES(137,'["sequi", "recusandae", "consequatur", "inventore"]','DOC-1011','2014-11-02 21:31:34.796449','2014-11-02 21:31:34.796449','t');
INSERT INTO "docs" VALUES(138,'["et", "sed", "at", "voluptates"]','DOC-1174','2014-11-02 21:31:34.802777','2014-11-02 21:31:34.802777','f');
INSERT INTO "docs" VALUES(139,'["ullam", "officiis", "fugiat", "quas"]','DOC-1001','2014-11-02 21:31:34.821317','2014-11-02 21:31:34.821317','f');
INSERT INTO "docs" VALUES(140,'["voluptatum", "veniam", "omnis", "autem"]','DOC-1260','2014-11-02 21:31:34.840413','2014-11-02 21:31:34.840413','t');
INSERT INTO "docs" VALUES(141,'["debitis", "quaerat", "fugiat", "rerum"]','DOC-1287','2014-11-02 21:31:34.865819','2014-11-02 21:31:34.865819','f');
INSERT INTO "docs" VALUES(142,'["aut", "blanditiis", "quos", "laudantium"]','DOC-1156','2014-11-02 21:31:34.872452','2014-11-02 21:31:34.872452','f');
INSERT INTO "docs" VALUES(143,'["exercitationem", "dolore", "qui", "qui"]','DOC-1111','2014-11-02 21:31:34.897421','2014-11-02 21:31:34.897421','t');
INSERT INTO "docs" VALUES(144,'["ducimus", "officia", "voluptas", "quia"]','DOC-1062','2014-11-02 21:31:34.921968','2014-11-02 21:31:34.921968','t');
INSERT INTO "docs" VALUES(145,'["sunt", "possimus", "iusto", "incidunt"]','DOC-1101','2014-11-02 21:31:35.004849','2014-11-02 21:31:35.004849','t');
INSERT INTO "docs" VALUES(146,'["rerum", "quidem", "minus", "harum"]','DOC-1030','2014-11-02 21:31:35.016945','2014-11-02 21:31:35.016945','f');
INSERT INTO "docs" VALUES(147,'["sapiente", "omnis", "distinctio", "delectus"]','DOC-1184','2014-11-02 21:31:35.055453','2014-11-02 21:31:35.055453','t');
INSERT INTO "docs" VALUES(148,'["sint", "quos", "dignissimos", "aspernatur"]','DOC-1178','2014-11-02 21:31:35.075121','2014-11-02 21:31:35.075121','t');
INSERT INTO "docs" VALUES(149,'["autem", "odio", "repellendus", "neque"]','DOC-1145','2014-11-02 21:31:35.087830','2014-11-02 21:31:35.087830','f');
INSERT INTO "docs" VALUES(150,'["exercitationem", "et", "consequatur", "necessitatibus"]','DOC-1298','2014-11-02 21:31:35.097942','2014-11-02 21:31:35.097942','t');
INSERT INTO "docs" VALUES(151,'["modi", "optio", "ab", "recusandae"]','DOC-1081','2014-11-02 21:31:35.110463','2014-11-02 21:31:35.110463','t');
INSERT INTO "docs" VALUES(152,'["sed", "tempore", "adipisci", "voluptatem"]','DOC-1049','2014-11-02 21:31:35.136996','2014-11-02 21:31:35.136996','f');
INSERT INTO "docs" VALUES(153,'["similique", "dolores", "eos", "omnis"]','DOC-1022','2014-11-02 21:31:35.143309','2014-11-02 21:31:35.143309','f');
INSERT INTO "docs" VALUES(154,'["earum", "porro", "praesentium", "sed"]','DOC-1122','2014-11-02 21:31:35.149656','2014-11-02 21:31:35.149656','f');
INSERT INTO "docs" VALUES(155,'["possimus", "libero", "doloremque", "animi"]','DOC-1220','2014-11-02 21:31:35.181093','2014-11-02 21:31:35.181093','t');
INSERT INTO "docs" VALUES(156,'["numquam", "cumque", "quo", "id"]','DOC-1128','2014-11-02 21:31:35.202269','2014-11-02 21:31:35.202269','t');
INSERT INTO "docs" VALUES(157,'["amet", "voluptatem", "dolorem", "veritatis"]','DOC-1070','2014-11-02 21:31:35.220814','2014-11-02 21:31:35.220814','f');
INSERT INTO "docs" VALUES(158,'["magni", "vel", "nulla", "ut"]','DOC-1287','2014-11-02 21:31:35.264450','2014-11-02 21:31:35.264450','f');
INSERT INTO "docs" VALUES(159,'["sed", "debitis", "tenetur", "sed"]','DOC-1296','2014-11-02 21:31:35.361074','2014-11-02 21:31:35.361074','f');
INSERT INTO "docs" VALUES(160,'["ipsum", "nostrum", "officiis", "dolorem"]','DOC-1185','2014-11-02 21:31:35.367643','2014-11-02 21:31:35.367643','f');
INSERT INTO "docs" VALUES(161,'["id", "fugit", "velit", "soluta"]','DOC-1028','2014-11-02 21:31:35.400449','2014-11-02 21:31:35.400449','f');
INSERT INTO "docs" VALUES(162,'["iure", "voluptatem", "itaque", "ut"]','DOC-1258','2014-11-02 21:31:35.406959','2014-11-02 21:31:35.406959','f');
INSERT INTO "docs" VALUES(163,'["qui", "eos", "ipsa", "iusto"]','DOC-1184','2014-11-02 21:31:35.440613','2014-11-02 21:31:35.440613','t');
INSERT INTO "docs" VALUES(164,'["earum", "ut", "ea", "in"]','DOC-1070','2014-11-02 21:31:35.512969','2014-11-02 21:31:35.512969','f');
INSERT INTO "docs" VALUES(165,'["libero", "mollitia", "aperiam", "consequatur"]','DOC-1028','2014-11-02 21:31:35.531694','2014-11-02 21:31:35.531694','t');
INSERT INTO "docs" VALUES(166,'["aut", "at", "sit", "aut"]','DOC-1215','2014-11-02 21:31:35.553379','2014-11-02 21:31:35.553379','t');
INSERT INTO "docs" VALUES(167,'["nisi", "dolorem", "ut", "voluptates"]','DOC-1077','2014-11-02 21:31:35.559780','2014-11-02 21:31:35.559780','t');
INSERT INTO "docs" VALUES(168,'["est", "officia", "eos", "enim"]','DOC-1009','2014-11-02 21:31:35.566051','2014-11-02 21:31:35.566051','t');
INSERT INTO "docs" VALUES(169,'["ab", "placeat", "enim", "aut"]','DOC-1018','2014-11-02 21:31:35.609166','2014-11-02 21:31:35.609166','t');
INSERT INTO "docs" VALUES(170,'["maiores", "in", "consequuntur", "est"]','DOC-1151','2014-11-02 21:31:35.634216','2014-11-02 21:31:35.634216','t');
INSERT INTO "docs" VALUES(171,'["impedit", "in", "quaerat", "rem"]','DOC-1057','2014-11-02 21:31:35.677550','2014-11-02 21:31:35.677550','f');
INSERT INTO "docs" VALUES(172,'["molestiae", "omnis", "nobis", "a"]','DOC-1098','2014-11-02 21:31:35.683973','2014-11-02 21:31:35.683973','t');
INSERT INTO "docs" VALUES(173,'["doloremque", "tenetur", "omnis", "aut"]','DOC-1157','2014-11-02 21:31:35.690185','2014-11-02 21:31:35.690185','t');
INSERT INTO "docs" VALUES(174,'["ut", "ut", "maiores", "placeat"]','DOC-1151','2014-11-02 21:31:35.696631','2014-11-02 21:31:35.696631','t');
INSERT INTO "docs" VALUES(175,'["rerum", "earum", "alias", "facilis"]','DOC-1058','2014-11-02 21:31:35.779740','2014-11-02 21:31:35.779740','f');
INSERT INTO "docs" VALUES(176,'["ut", "aperiam", "consequatur", "tempore"]','DOC-1115','2014-11-02 21:31:35.792242','2014-11-02 21:31:35.792242','f');
INSERT INTO "docs" VALUES(177,'["doloribus", "aut", "sit", "laudantium"]','DOC-1296','2014-11-02 21:31:35.811049','2014-11-02 21:31:35.811049','f');
INSERT INTO "docs" VALUES(178,'["ut", "repellendus", "aliquid", "saepe"]','DOC-1070','2014-11-02 21:31:35.842032','2014-11-02 21:31:35.842032','t');
INSERT INTO "docs" VALUES(179,'["quisquam", "explicabo", "quibusdam", "et"]','DOC-1218','2014-11-02 21:31:35.848253','2014-11-02 21:31:35.848253','t');
INSERT INTO "docs" VALUES(180,'["debitis", "dolore", "rerum", "incidunt"]','DOC-1058','2014-11-02 21:31:35.854673','2014-11-02 21:31:35.854673','t');
INSERT INTO "docs" VALUES(181,'["et", "sunt", "animi", "asperiores"]','DOC-1249','2014-11-02 21:31:35.873025','2014-11-02 21:31:35.873025','f');
INSERT INTO "docs" VALUES(182,'["et", "nemo", "facere", "incidunt"]','DOC-1243','2014-11-02 21:31:35.879503','2014-11-02 21:31:35.879503','f');
INSERT INTO "docs" VALUES(183,'["quod", "dolores", "deleniti", "cum"]','DOC-1269','2014-11-02 21:31:35.886031','2014-11-02 21:31:35.886031','f');
INSERT INTO "docs" VALUES(184,'["recusandae", "voluptatem", "quas", "qui"]','DOC-1189','2014-11-02 21:31:35.917793','2014-11-02 21:31:35.917793','f');
INSERT INTO "docs" VALUES(185,'["consequatur", "soluta", "necessitatibus", "vel"]','DOC-1060','2014-11-02 21:31:35.930678','2014-11-02 21:31:35.930678','f');
INSERT INTO "docs" VALUES(186,'["esse", "qui", "aut", "maiores"]','DOC-1093','2014-11-02 21:31:35.937151','2014-11-02 21:31:35.937151','t');
INSERT INTO "docs" VALUES(187,'["id", "aut", "similique", "neque"]','DOC-1105','2014-11-02 21:31:35.969391','2014-11-02 21:31:35.969391','t');
INSERT INTO "docs" VALUES(188,'["dolorem", "aut", "eligendi", "reprehenderit"]','DOC-1173','2014-11-02 21:31:35.982723','2014-11-02 21:31:35.982723','f');
INSERT INTO "docs" VALUES(189,'["quod", "mollitia", "non", "repellendus"]','DOC-1209','2014-11-02 21:31:35.991127','2014-11-02 21:31:35.991127','f');
INSERT INTO "docs" VALUES(190,'["officia", "sit", "fuga", "dicta"]','DOC-1127','2014-11-02 21:31:36.038231','2014-11-02 21:31:36.038231','f');
INSERT INTO "docs" VALUES(191,'["hic", "recusandae", "perspiciatis", "qui"]','DOC-1269','2014-11-02 21:31:36.065567','2014-11-02 21:31:36.065567','t');
INSERT INTO "docs" VALUES(192,'["placeat", "excepturi", "sed", "voluptatum"]','DOC-1054','2014-11-02 21:31:36.235042','2014-11-02 21:31:36.235042','f');
INSERT INTO "docs" VALUES(193,'["officia", "eos", "et", "dolore"]','DOC-1114','2014-11-02 21:31:36.247718','2014-11-02 21:31:36.247718','t');
INSERT INTO "docs" VALUES(194,'["quo", "omnis", "minus", "qui"]','DOC-1039','2014-11-02 21:31:36.300219','2014-11-02 21:31:36.300219','t');
INSERT INTO "docs" VALUES(195,'["qui", "et", "architecto", "dolorum"]','DOC-1244','2014-11-02 21:31:36.360239','2014-11-02 21:31:36.360239','f');
INSERT INTO "docs" VALUES(196,'["ab", "enim", "quis", "qui"]','DOC-1187','2014-11-02 21:31:36.373121','2014-11-02 21:31:36.373121','f');
INSERT INTO "docs" VALUES(197,'["enim", "libero", "voluptatem", "et"]','DOC-1177','2014-11-02 21:31:36.405193','2014-11-02 21:31:36.405193','f');
INSERT INTO "docs" VALUES(198,'["provident", "quidem", "laboriosam", "quia"]','DOC-1157','2014-11-02 21:31:36.411454','2014-11-02 21:31:36.411454','f');
INSERT INTO "docs" VALUES(199,'["mollitia", "animi", "autem", "repudiandae"]','DOC-1215','2014-11-02 21:31:36.437228','2014-11-02 21:31:36.437228','t');
INSERT INTO "docs" VALUES(200,'["quas", "aut", "omnis", "id"]','DOC-1228','2014-11-02 21:31:36.443698','2014-11-02 21:31:36.443698','f');
INSERT INTO "docs" VALUES(201,'["unde", "fuga", "voluptates", "eius"]','DOC-1146','2014-11-02 21:31:36.449977','2014-11-02 21:31:36.449977','f');
INSERT INTO "docs" VALUES(202,'["voluptatem", "neque", "illo", "sequi"]','DOC-1247','2014-11-02 21:31:36.487651','2014-11-02 21:31:36.487651','f');
INSERT INTO "docs" VALUES(203,'Test Doc 2','DOC-1013','2014-11-05 21:40:56.265508','2014-11-05 21:40:56.265508','f');
INSERT INTO "docs" VALUES(204,'Test Doc 3','DOC-1014','2014-11-05 21:40:57.216963','2014-11-05 21:40:57.216963','t');
INSERT INTO "docs" VALUES(205,'Test Doc 4','DOC-1015','2014-11-05 21:40:58.460808','2014-11-05 21:40:58.460808','t');
CREATE TABLE "documents" ("id" INTEGER PRIMARY KEY AUTOINCREMENT NOT NULL, "title" varchar, "doc_num" varchar, "created_at" datetime NOT NULL, "updated_at" datetime NOT NULL);
CREATE TABLE "labels" ("id" INTEGER PRIMARY KEY AUTOINCREMENT NOT NULL, "name" varchar, "type" varchar, "created_at" datetime NOT NULL, "updated_at" datetime NOT NULL);
CREATE TABLE "searches" ("id" INTEGER PRIMARY KEY AUTOINCREMENT NOT NULL, "subject" varchar, "created_at" datetime NOT NULL, "updated_at" datetime NOT NULL);
INSERT INTO "searches" VALUES(1,'["numquam", "consequatur", "omnis", "unde", "sed", "eos"]','2014-11-02 21:31:31.293276','2014-11-02 21:31:31.293276');
INSERT INTO "searches" VALUES(2,'["incidunt", "in", "praesentium"]','2014-11-02 21:31:31.322259','2014-11-02 21:31:31.322259');
INSERT INTO "searches" VALUES(3,'["facilis", "itaque", "et"]','2014-11-02 21:31:31.328324','2014-11-02 21:31:31.328324');
INSERT INTO "searches" VALUES(4,'["laboriosam", "provident", "aut", "non", "est", "voluptate"]','2014-11-02 21:31:31.360244','2014-11-02 21:31:31.360244');
INSERT INTO "searches" VALUES(5,'["iusto", "non", "rerum"]','2014-11-02 21:31:31.373263','2014-11-02 21:31:31.373263');
INSERT INTO "searches" VALUES(6,'["sed"]','2014-11-02 21:31:31.379257','2014-11-02 21:31:31.379257');
INSERT INTO "searches" VALUES(7,'["aut", "illo", "eos", "magnam", "suscipit"]','2014-11-02 21:31:31.432193','2014-11-02 21:31:31.432193');
INSERT INTO "searches" VALUES(8,'["sint", "voluptatem", "est", "et", "voluptate", "qui"]','2014-11-02 21:31:31.438121','2014-11-02 21:31:31.438121');
INSERT INTO "searches" VALUES(9,'["eum", "recusandae", "delectus", "ratione"]','2014-11-02 21:31:31.444009','2014-11-02 21:31:31.444009');
INSERT INTO "searches" VALUES(10,'["necessitatibus", "sunt", "nemo", "minus", "omnis", "perspiciatis", "reprehenderit", "in", "laboriosam", "ipsum"]','2014-11-02 21:31:31.457123','2014-11-02 21:31:31.457123');
INSERT INTO "searches" VALUES(11,'["qui", "consequuntur", "aut", "ipsam", "beatae", "ex", "nesciunt", "eveniet"]','2014-11-02 21:31:31.463089','2014-11-02 21:31:31.463089');
INSERT INTO "searches" VALUES(12,'["nemo", "adipisci", "velit", "modi", "voluptatem"]','2014-11-02 21:31:31.475554','2014-11-02 21:31:31.475554');
INSERT INTO "searches" VALUES(13,'["accusamus", "dolores", "quisquam", "aliquid", "est"]','2014-11-02 21:31:31.505888','2014-11-02 21:31:31.505888');
INSERT INTO "searches" VALUES(14,'["ipsum", "non", "incidunt", "quas", "sint", "ipsam", "ea", "veniam", "corporis", "placeat"]','2014-11-02 21:31:31.512800','2014-11-02 21:31:31.512800');
INSERT INTO "searches" VALUES(15,'["doloribus", "fugiat"]','2014-11-02 21:31:31.519365','2014-11-02 21:31:31.519365');
INSERT INTO "searches" VALUES(16,'["quis", "rerum", "delectus", "dolor", "nam", "occaecati", "quia", "officia", "ipsum"]','2014-11-02 21:31:31.525743','2014-11-02 21:31:31.525743');
INSERT INTO "searches" VALUES(17,'["fugit", "iusto", "pariatur", "animi"]','2014-11-02 21:31:31.538127','2014-11-02 21:31:31.538127');
INSERT INTO "searches" VALUES(18,'["aliquid", "distinctio", "incidunt", "nisi", "quaerat", "consequatur", "quis", "enim", "eos"]','2014-11-02 21:31:31.544868','2014-11-02 21:31:31.544868');
INSERT INTO "searches" VALUES(19,'["sapiente", "esse", "ut", "nulla", "et", "culpa", "occaecati"]','2014-11-02 21:31:31.616636','2014-11-02 21:31:31.616636');
INSERT INTO "searches" VALUES(20,'["sit", "qui", "nam", "error", "est"]','2014-11-02 21:31:31.654375','2014-11-02 21:31:31.654375');
INSERT INTO "searches" VALUES(21,'["aut", "eius", "nesciunt", "asperiores", "omnis", "voluptas", "debitis", "ut"]','2014-11-02 21:31:31.673075','2014-11-02 21:31:31.673075');
INSERT INTO "searches" VALUES(22,'["quasi", "explicabo", "consectetur", "quos", "nobis", "quo", "sit"]','2014-11-02 21:31:31.723074','2014-11-02 21:31:31.723074');
INSERT INTO "searches" VALUES(23,'["delectus", "tempore", "laborum", "illum", "veritatis", "eaque", "provident", "quis", "aliquid"]','2014-11-02 21:31:31.737229','2014-11-02 21:31:31.737229');
INSERT INTO "searches" VALUES(24,'["culpa", "rerum"]','2014-11-02 21:31:31.743359','2014-11-02 21:31:31.743359');
INSERT INTO "searches" VALUES(25,'["ut", "minima", "architecto", "ad", "ea", "eum"]','2014-11-02 21:31:31.749847','2014-11-02 21:31:31.749847');
INSERT INTO "searches" VALUES(26,'["ut", "earum", "quam", "qui", "a", "expedita"]','2014-11-02 21:31:31.775535','2014-11-02 21:31:31.775535');
INSERT INTO "searches" VALUES(27,'["mollitia", "omnis", "voluptates", "labore"]','2014-11-02 21:31:31.800954','2014-11-02 21:31:31.800954');
INSERT INTO "searches" VALUES(28,'["sunt", "quaerat", "assumenda", "est", "voluptate", "et"]','2014-11-02 21:31:31.916743','2014-11-02 21:31:31.916743');
INSERT INTO "searches" VALUES(29,'["eum", "ut", "soluta", "sit", "voluptas", "vel", "distinctio", "libero"]','2014-11-02 21:31:31.923336','2014-11-02 21:31:31.923336');
INSERT INTO "searches" VALUES(30,'["alias", "commodi", "est", "minus", "iste", "et"]','2014-11-02 21:31:31.942968','2014-11-02 21:31:31.942968');
INSERT INTO "searches" VALUES(31,'["doloremque", "animi", "omnis", "et"]','2014-11-02 21:31:31.969433','2014-11-02 21:31:31.969433');
INSERT INTO "searches" VALUES(32,'["ex"]','2014-11-02 21:31:31.975654','2014-11-02 21:31:31.975654');
INSERT INTO "searches" VALUES(33,'["reiciendis", "id", "mollitia", "possimus", "distinctio", "non", "dolorum", "velit"]','2014-11-02 21:31:32.002003','2014-11-02 21:31:32.002003');
INSERT INTO "searches" VALUES(34,'["soluta", "aut", "asperiores"]','2014-11-02 21:31:32.021332','2014-11-02 21:31:32.021332');
INSERT INTO "searches" VALUES(35,'["enim", "et", "at", "modi", "blanditiis", "omnis", "eligendi", "et", "quae"]','2014-11-02 21:31:32.034159','2014-11-02 21:31:32.034159');
INSERT INTO "searches" VALUES(36,'["voluptas", "unde", "omnis", "vel", "aspernatur", "et", "expedita", "corrupti", "nemo"]','2014-11-02 21:31:32.086276','2014-11-02 21:31:32.086276');
INSERT INTO "searches" VALUES(37,'["sint", "reiciendis", "tempore"]','2014-11-02 21:31:32.092280','2014-11-02 21:31:32.092280');
INSERT INTO "searches" VALUES(38,'["sit", "quia", "distinctio", "sequi", "commodi", "est", "harum", "repudiandae", "iste", "sed"]','2014-11-02 21:31:32.104182','2014-11-02 21:31:32.104182');
INSERT INTO "searches" VALUES(39,'["asperiores", "et", "quisquam", "deleniti"]','2014-11-02 21:31:32.149603','2014-11-02 21:31:32.149603');
INSERT INTO "searches" VALUES(40,'["et", "culpa", "et"]','2014-11-02 21:31:32.181344','2014-11-02 21:31:32.181344');
INSERT INTO "searches" VALUES(41,'["minus", "est", "nemo"]','2014-11-02 21:31:32.193707','2014-11-02 21:31:32.193707');
INSERT INTO "searches" VALUES(42,'["veritatis", "et", "quia", "et", "alias"]','2014-11-02 21:31:32.210300','2014-11-02 21:31:32.210300');
INSERT INTO "searches" VALUES(43,'["culpa", "voluptate", "temporibus", "quibusdam", "tempore", "quo", "quod"]','2014-11-02 21:31:32.236098','2014-11-02 21:31:32.236098');
INSERT INTO "searches" VALUES(44,'["suscipit", "ut", "rerum"]','2014-11-02 21:31:32.243209','2014-11-02 21:31:32.243209');
INSERT INTO "searches" VALUES(45,'["voluptatibus", "aut", "consequuntur"]','2014-11-02 21:31:32.267221','2014-11-02 21:31:32.267221');
INSERT INTO "searches" VALUES(46,'["deleniti", "ut", "consequatur", "eius", "eaque", "nulla", "maiores"]','2014-11-02 21:31:32.275044','2014-11-02 21:31:32.275044');
INSERT INTO "searches" VALUES(47,'["quo", "debitis", "quis", "perspiciatis", "adipisci"]','2014-11-02 21:31:32.283296','2014-11-02 21:31:32.283296');
INSERT INTO "searches" VALUES(48,'["ut", "repellat", "id", "sit", "omnis", "non", "eligendi", "eius", "velit", "illo"]','2014-11-02 21:31:32.323307','2014-11-02 21:31:32.323307');
INSERT INTO "searches" VALUES(49,'["est", "et", "et", "voluptatum", "dolorum", "dolore", "sunt", "laudantium"]','2014-11-02 21:31:32.387998','2014-11-02 21:31:32.387998');
INSERT INTO "searches" VALUES(50,'["explicabo", "est", "cupiditate", "nobis", "dicta"]','2014-11-02 21:31:32.396306','2014-11-02 21:31:32.396306');
INSERT INTO "searches" VALUES(51,'["qui", "ex", "occaecati", "nihil", "ut"]','2014-11-02 21:31:32.410985','2014-11-02 21:31:32.410985');
INSERT INTO "searches" VALUES(52,'["sit"]','2014-11-02 21:31:32.427534','2014-11-02 21:31:32.427534');
INSERT INTO "searches" VALUES(53,'["exercitationem", "earum", "modi", "sunt", "et"]','2014-11-02 21:31:32.461302','2014-11-02 21:31:32.461302');
INSERT INTO "searches" VALUES(54,'["sapiente"]','2014-11-02 21:31:32.486888','2014-11-02 21:31:32.486888');
INSERT INTO "searches" VALUES(55,'["voluptas", "architecto", "quas", "et", "assumenda", "non", "quasi"]','2014-11-02 21:31:32.504896','2014-11-02 21:31:32.504896');
INSERT INTO "searches" VALUES(56,'["similique", "qui", "dolor", "doloribus", "iusto"]','2014-11-02 21:31:32.536260','2014-11-02 21:31:32.536260');
INSERT INTO "searches" VALUES(57,'["consequatur", "necessitatibus", "fugit", "provident", "ratione", "incidunt"]','2014-11-02 21:31:32.542198','2014-11-02 21:31:32.542198');
INSERT INTO "searches" VALUES(58,'["delectus"]','2014-11-02 21:31:32.588285','2014-11-02 21:31:32.588285');
INSERT INTO "searches" VALUES(59,'["aut", "ad"]','2014-11-02 21:31:32.665862','2014-11-02 21:31:32.665862');
INSERT INTO "searches" VALUES(60,'["similique"]','2014-11-02 21:31:32.671733','2014-11-02 21:31:32.671733');
INSERT INTO "searches" VALUES(61,'["natus", "perferendis", "quaerat", "maiores"]','2014-11-02 21:31:32.792326','2014-11-02 21:31:32.792326');
INSERT INTO "searches" VALUES(62,'["sunt", "accusantium", "saepe", "debitis", "aperiam", "aut", "est", "qui", "quis"]','2014-11-02 21:31:32.805079','2014-11-02 21:31:32.805079');
INSERT INTO "searches" VALUES(63,'["quibusdam", "temporibus", "reiciendis", "voluptatem", "animi", "tempora"]','2014-11-02 21:31:32.855936','2014-11-02 21:31:32.855936');
INSERT INTO "searches" VALUES(64,'["qui", "est", "rerum", "mollitia", "deleniti", "animi", "aut", "iste", "praesentium", "officia"]','2014-11-02 21:31:32.868735','2014-11-02 21:31:32.868735');
INSERT INTO "searches" VALUES(65,'["aliquam", "nisi", "repellat"]','2014-11-02 21:31:32.883303','2014-11-02 21:31:32.883303');
INSERT INTO "searches" VALUES(66,'["sint", "hic", "ullam", "sit", "exercitationem", "praesentium", "velit"]','2014-11-02 21:31:32.889419','2014-11-02 21:31:32.889419');
INSERT INTO "searches" VALUES(67,'["doloribus", "et", "accusamus", "et", "dolorum", "rerum", "voluptate", "quia", "eos", "tenetur"]','2014-11-02 21:31:32.908964','2014-11-02 21:31:32.908964');
INSERT INTO "searches" VALUES(68,'["rerum", "nisi"]','2014-11-02 21:31:32.935588','2014-11-02 21:31:32.935588');
INSERT INTO "searches" VALUES(69,'["voluptates", "non", "laudantium", "tempore", "impedit", "ea", "qui", "culpa"]','2014-11-02 21:31:32.957588','2014-11-02 21:31:32.957588');
INSERT INTO "searches" VALUES(70,'["placeat"]','2014-11-02 21:31:32.977250','2014-11-02 21:31:32.977250');
INSERT INTO "searches" VALUES(71,'["sed"]','2014-11-02 21:31:33.013263','2014-11-02 21:31:33.013263');
INSERT INTO "searches" VALUES(72,'["et", "aut", "molestiae"]','2014-11-02 21:31:33.059519','2014-11-02 21:31:33.059519');
INSERT INTO "searches" VALUES(73,'["est", "rerum"]','2014-11-02 21:31:33.065772','2014-11-02 21:31:33.065772');
INSERT INTO "searches" VALUES(74,'["eligendi", "repudiandae", "deserunt"]','2014-11-02 21:31:33.078287','2014-11-02 21:31:33.078287');
INSERT INTO "searches" VALUES(75,'["possimus", "et", "odio", "velit", "fuga", "ut", "quis"]','2014-11-02 21:31:33.093755','2014-11-02 21:31:33.093755');
INSERT INTO "searches" VALUES(76,'["praesentium"]','2014-11-02 21:31:33.126108','2014-11-02 21:31:33.126108');
INSERT INTO "searches" VALUES(77,'["aut"]','2014-11-02 21:31:33.191356','2014-11-02 21:31:33.191356');
INSERT INTO "searches" VALUES(78,'["magnam", "et", "maiores", "et", "alias", "assumenda", "aut"]','2014-11-02 21:31:33.206017','2014-11-02 21:31:33.206017');
INSERT INTO "searches" VALUES(79,'["doloremque", "hic", "labore", "quidem", "nam", "nesciunt", "est", "magni"]','2014-11-02 21:31:33.212181','2014-11-02 21:31:33.212181');
INSERT INTO "searches" VALUES(80,'["qui", "impedit", "consequatur", "qui", "harum"]','2014-11-02 21:31:33.224674','2014-11-02 21:31:33.224674');
INSERT INTO "searches" VALUES(81,'["ipsa", "quia", "sit", "eos", "qui", "aut", "deserunt", "animi"]','2014-11-02 21:31:33.268430','2014-11-02 21:31:33.268430');
INSERT INTO "searches" VALUES(82,'["vero", "est", "dolorum", "asperiores", "tenetur", "est", "modi", "totam", "laudantium"]','2014-11-02 21:31:33.303833','2014-11-02 21:31:33.303833');
INSERT INTO "searches" VALUES(83,'["et", "veniam", "consectetur", "atque", "possimus", "natus", "ea", "excepturi"]','2014-11-02 21:31:33.310434','2014-11-02 21:31:33.310434');
INSERT INTO "searches" VALUES(84,'["quibusdam", "eligendi", "animi", "laudantium"]','2014-11-02 21:31:33.444465','2014-11-02 21:31:33.444465');
INSERT INTO "searches" VALUES(85,'["consectetur", "consequuntur", "velit", "voluptatem"]','2014-11-02 21:31:33.473183','2014-11-02 21:31:33.473183');
INSERT INTO "searches" VALUES(86,'["repellendus", "expedita", "laboriosam"]','2014-11-02 21:31:33.479048','2014-11-02 21:31:33.479048');
INSERT INTO "searches" VALUES(87,'["ea", "earum", "illum", "dolorem", "voluptates", "consequuntur", "vero", "expedita", "quam"]','2014-11-02 21:31:33.497518','2014-11-02 21:31:33.497518');
INSERT INTO "searches" VALUES(88,'["id", "veritatis"]','2014-11-02 21:31:33.510144','2014-11-02 21:31:33.510144');
INSERT INTO "searches" VALUES(89,'["ab", "nulla", "laborum", "cupiditate", "qui", "aut", "officiis", "voluptate"]','2014-11-02 21:31:33.522421','2014-11-02 21:31:33.522421');
INSERT INTO "searches" VALUES(90,'["adipisci", "qui", "suscipit", "quae", "accusantium", "necessitatibus", "minus", "et"]','2014-11-02 21:31:33.625877','2014-11-02 21:31:33.625877');
INSERT INTO "searches" VALUES(91,'["quo", "in", "qui", "ex", "velit"]','2014-11-02 21:31:33.649276','2014-11-02 21:31:33.649276');
INSERT INTO "searches" VALUES(92,'["qui"]','2014-11-02 21:31:33.680888','2014-11-02 21:31:33.680888');
INSERT INTO "searches" VALUES(93,'["dicta", "velit", "enim", "saepe"]','2014-11-02 21:31:33.722680','2014-11-02 21:31:33.722680');
INSERT INTO "searches" VALUES(94,'["consequatur", "accusantium", "iusto", "ratione", "et", "rerum", "sit", "molestiae", "assumenda", "eos"]','2014-11-02 21:31:33.731594','2014-11-02 21:31:33.731594');
INSERT INTO "searches" VALUES(95,'["laudantium", "ex", "provident"]','2014-11-02 21:31:33.785326','2014-11-02 21:31:33.785326');
INSERT INTO "searches" VALUES(96,'["excepturi", "rem", "dolor", "dolorem", "ducimus", "cupiditate", "beatae"]','2014-11-02 21:31:33.870747','2014-11-02 21:31:33.870747');
INSERT INTO "searches" VALUES(97,'["saepe", "tenetur", "modi", "sint", "eos", "aliquam", "atque", "officia", "natus", "vero"]','2014-11-02 21:31:33.877771','2014-11-02 21:31:33.877771');
INSERT INTO "searches" VALUES(98,'["nesciunt", "aut", "ullam", "eaque", "rerum", "aliquam", "consectetur", "minima", "odit"]','2014-11-02 21:31:33.885502','2014-11-02 21:31:33.885502');
INSERT INTO "searches" VALUES(99,'["veniam", "est", "autem", "at", "omnis", "autem", "tenetur", "dolorum", "cumque"]','2014-11-02 21:31:33.935571','2014-11-02 21:31:33.935571');
INSERT INTO "searches" VALUES(100,'["eos", "ut", "repudiandae", "ea", "voluptas", "quibusdam", "et", "tenetur", "autem", "quia"]','2014-11-02 21:31:33.943580','2014-11-02 21:31:33.943580');
INSERT INTO "searches" VALUES(101,'["natus", "unde", "amet", "animi", "ut"]','2014-11-02 21:31:33.959461','2014-11-02 21:31:33.959461');
INSERT INTO "searches" VALUES(102,'["quia", "porro", "ipsam", "dolor", "nulla", "voluptate", "ea", "similique"]','2014-11-02 21:31:33.967281','2014-11-02 21:31:33.967281');
INSERT INTO "searches" VALUES(103,'["tempora", "dolores", "cum", "quod"]','2014-11-02 21:31:33.982171','2014-11-02 21:31:33.982171');
INSERT INTO "searches" VALUES(104,'["placeat"]','2014-11-02 21:31:33.997237','2014-11-02 21:31:33.997237');
INSERT INTO "searches" VALUES(105,'["voluptatem", "iste", "aut", "voluptas", "id", "itaque", "voluptates"]','2014-11-02 21:31:34.013589','2014-11-02 21:31:34.013589');
INSERT INTO "searches" VALUES(106,'["ea", "nisi", "dolore", "quas", "consequatur"]','2014-11-02 21:31:34.087307','2014-11-02 21:31:34.087307');
INSERT INTO "searches" VALUES(107,'["pariatur", "magni"]','2014-11-02 21:31:34.121901','2014-11-02 21:31:34.121901');
INSERT INTO "searches" VALUES(108,'["quas", "sint", "ut", "necessitatibus", "inventore", "quia"]','2014-11-02 21:31:34.186110','2014-11-02 21:31:34.186110');
INSERT INTO "searches" VALUES(109,'["qui", "recusandae"]','2014-11-02 21:31:34.218591','2014-11-02 21:31:34.218591');
INSERT INTO "searches" VALUES(110,'["vel", "est"]','2014-11-02 21:31:34.224246','2014-11-02 21:31:34.224246');
INSERT INTO "searches" VALUES(111,'["voluptatibus", "omnis", "quod", "et", "sunt", "est", "dolores"]','2014-11-02 21:31:34.242492','2014-11-02 21:31:34.242492');
INSERT INTO "searches" VALUES(112,'["eius", "omnis", "et", "nobis", "ab"]','2014-11-02 21:31:34.279001','2014-11-02 21:31:34.279001');
INSERT INTO "searches" VALUES(113,'["voluptatem", "quos", "ut", "voluptatibus"]','2014-11-02 21:31:34.359096','2014-11-02 21:31:34.359096');
INSERT INTO "searches" VALUES(114,'["dignissimos", "non", "omnis", "et", "maiores", "esse", "et", "illo"]','2014-11-02 21:31:34.378945','2014-11-02 21:31:34.378945');
INSERT INTO "searches" VALUES(115,'["itaque", "est", "ad", "ut", "corporis", "sit", "sed", "eum", "eligendi"]','2014-11-02 21:31:34.385960','2014-11-02 21:31:34.385960');
INSERT INTO "searches" VALUES(116,'["quam", "eos", "maiores", "sed", "similique", "nostrum", "consectetur"]','2014-11-02 21:31:34.461798','2014-11-02 21:31:34.461798');
INSERT INTO "searches" VALUES(117,'["ut", "sed", "dolor", "itaque", "fugit", "maxime", "eveniet", "optio"]','2014-11-02 21:31:34.536512','2014-11-02 21:31:34.536512');
INSERT INTO "searches" VALUES(118,'["explicabo"]','2014-11-02 21:31:34.550571','2014-11-02 21:31:34.550571');
INSERT INTO "searches" VALUES(119,'["et", "fugit", "id", "sed"]','2014-11-02 21:31:34.557080','2014-11-02 21:31:34.557080');
INSERT INTO "searches" VALUES(120,'["suscipit", "non"]','2014-11-02 21:31:34.609560','2014-11-02 21:31:34.609560');
INSERT INTO "searches" VALUES(121,'["soluta", "beatae", "et"]','2014-11-02 21:31:34.650610','2014-11-02 21:31:34.650610');
INSERT INTO "searches" VALUES(122,'["ut", "laudantium"]','2014-11-02 21:31:34.666429','2014-11-02 21:31:34.666429');
INSERT INTO "searches" VALUES(123,'["aperiam", "qui", "perspiciatis", "magni", "sit", "est", "voluptatum", "similique", "qui", "vel"]','2014-11-02 21:31:34.673339','2014-11-02 21:31:34.673339');
INSERT INTO "searches" VALUES(124,'["dolores", "architecto", "dolorem", "nesciunt", "eveniet", "ut", "ut", "tempora"]','2014-11-02 21:31:34.693884','2014-11-02 21:31:34.693884');
INSERT INTO "searches" VALUES(125,'["itaque", "corporis", "ad", "blanditiis", "modi", "cumque"]','2014-11-02 21:31:34.706572','2014-11-02 21:31:34.706572');
INSERT INTO "searches" VALUES(126,'["et", "eligendi", "ut", "qui", "quidem", "cum", "accusantium"]','2014-11-02 21:31:34.725486','2014-11-02 21:31:34.725486');
INSERT INTO "searches" VALUES(127,'["rerum", "animi", "et", "ut", "magnam"]','2014-11-02 21:31:34.731825','2014-11-02 21:31:34.731825');
INSERT INTO "searches" VALUES(128,'["sed"]','2014-11-02 21:31:34.783330','2014-11-02 21:31:34.783330');
INSERT INTO "searches" VALUES(129,'["sunt", "repellat", "corporis", "quisquam", "et", "ipsa", "nihil", "nulla", "repellendus"]','2014-11-02 21:31:34.827762','2014-11-02 21:31:34.827762');
INSERT INTO "searches" VALUES(130,'["ea", "cum", "quae", "blanditiis", "ut", "amet", "delectus"]','2014-11-02 21:31:34.834114','2014-11-02 21:31:34.834114');
INSERT INTO "searches" VALUES(131,'["delectus", "enim", "dolorem"]','2014-11-02 21:31:34.859316','2014-11-02 21:31:34.859316');
INSERT INTO "searches" VALUES(132,'["deserunt"]','2014-11-02 21:31:34.891507','2014-11-02 21:31:34.891507');
INSERT INTO "searches" VALUES(133,'["ut", "excepturi", "recusandae"]','2014-11-02 21:31:34.953210','2014-11-02 21:31:34.953210');
INSERT INTO "searches" VALUES(134,'["voluptas", "velit"]','2014-11-02 21:31:34.965853','2014-11-02 21:31:34.965853');
INSERT INTO "searches" VALUES(135,'["laudantium", "alias", "esse", "ut", "aspernatur", "non", "qui", "totam", "autem", "praesentium"]','2014-11-02 21:31:34.985259','2014-11-02 21:31:34.985259');
INSERT INTO "searches" VALUES(136,'["asperiores", "dolorum", "accusamus", "officia"]','2014-11-02 21:31:34.992528','2014-11-02 21:31:34.992528');
INSERT INTO "searches" VALUES(137,'["similique", "blanditiis"]','2014-11-02 21:31:34.998720','2014-11-02 21:31:34.998720');
INSERT INTO "searches" VALUES(138,'["eveniet", "et"]','2014-11-02 21:31:35.030312','2014-11-02 21:31:35.030312');
INSERT INTO "searches" VALUES(139,'["beatae", "qui", "et", "dolorem", "dolor"]','2014-11-02 21:31:35.036624','2014-11-02 21:31:35.036624');
INSERT INTO "searches" VALUES(140,'["tempora", "aut", "quia", "quidem", "enim", "sint", "deserunt", "est"]','2014-11-02 21:31:35.081477','2014-11-02 21:31:35.081477');
INSERT INTO "searches" VALUES(141,'["quia"]','2014-11-02 21:31:35.104121','2014-11-02 21:31:35.104121');
INSERT INTO "searches" VALUES(142,'["impedit", "sunt", "qui", "est", "quidem", "quia", "inventore"]','2014-11-02 21:31:35.116421','2014-11-02 21:31:35.116421');
INSERT INTO "searches" VALUES(143,'["ullam", "qui", "reiciendis", "delectus", "mollitia"]','2014-11-02 21:31:35.123314','2014-11-02 21:31:35.123314');
INSERT INTO "searches" VALUES(144,'["ad", "dolor", "voluptates", "placeat", "distinctio"]','2014-11-02 21:31:35.168583','2014-11-02 21:31:35.168583');
INSERT INTO "searches" VALUES(145,'["maxime", "magnam"]','2014-11-02 21:31:35.174791','2014-11-02 21:31:35.174791');
INSERT INTO "searches" VALUES(146,'["eos", "numquam", "tempore", "impedit", "et", "sint", "et"]','2014-11-02 21:31:35.227009','2014-11-02 21:31:35.227009');
INSERT INTO "searches" VALUES(147,'["facilis", "in", "exercitationem", "itaque", "sed", "consequatur", "cum", "officia", "ut", "provident"]','2014-11-02 21:31:35.239946','2014-11-02 21:31:35.239946');
INSERT INTO "searches" VALUES(148,'["recusandae", "eius", "illo"]','2014-11-02 21:31:35.252208','2014-11-02 21:31:35.252208');
INSERT INTO "searches" VALUES(149,'["ut", "aut", "et", "aperiam", "quia", "repellat", "ea", "commodi", "voluptates"]','2014-11-02 21:31:35.257873','2014-11-02 21:31:35.257873');
INSERT INTO "searches" VALUES(150,'["architecto"]','2014-11-02 21:31:35.353821','2014-11-02 21:31:35.353821');
INSERT INTO "searches" VALUES(151,'["itaque", "incidunt", "quia", "numquam", "sed", "est", "nulla", "atque"]','2014-11-02 21:31:35.413346','2014-11-02 21:31:35.413346');
INSERT INTO "searches" VALUES(152,'["laudantium", "eius", "eveniet", "hic", "maxime", "exercitationem"]','2014-11-02 21:31:35.447093','2014-11-02 21:31:35.447093');
INSERT INTO "searches" VALUES(153,'["culpa", "ipsam", "expedita", "est", "aspernatur"]','2014-11-02 21:31:35.459351','2014-11-02 21:31:35.459351');
INSERT INTO "searches" VALUES(154,'["doloribus", "voluptatem", "eaque", "quaerat"]','2014-11-02 21:31:35.484202','2014-11-02 21:31:35.484202');
INSERT INTO "searches" VALUES(155,'["quasi", "nisi", "beatae", "numquam", "quia", "et", "reprehenderit", "ducimus", "facilis"]','2014-11-02 21:31:35.496563','2014-11-02 21:31:35.496563');
INSERT INTO "searches" VALUES(156,'["eum"]','2014-11-02 21:31:35.504826','2014-11-02 21:31:35.504826');
INSERT INTO "searches" VALUES(157,'["qui", "et", "et", "molestiae", "voluptatem"]','2014-11-02 21:31:35.525520','2014-11-02 21:31:35.525520');
INSERT INTO "searches" VALUES(158,'["modi", "porro"]','2014-11-02 21:31:35.538128','2014-11-02 21:31:35.538128');
INSERT INTO "searches" VALUES(159,'["quibusdam", "ut"]','2014-11-02 21:31:35.578558','2014-11-02 21:31:35.578558');
INSERT INTO "searches" VALUES(160,'["et", "omnis", "alias", "dolor", "id"]','2014-11-02 21:31:35.591789','2014-11-02 21:31:35.591789');
INSERT INTO "searches" VALUES(161,'["dolores", "ut", "nesciunt", "saepe", "eos", "nulla", "sint"]','2014-11-02 21:31:35.600194','2014-11-02 21:31:35.600194');
INSERT INTO "searches" VALUES(162,'["et", "quisquam", "ut", "facilis", "id", "ea", "harum", "quis", "molestiae"]','2014-11-02 21:31:35.615437','2014-11-02 21:31:35.615437');
INSERT INTO "searches" VALUES(163,'["et", "ipsum", "adipisci", "sed", "sequi", "dolor", "quae"]','2014-11-02 21:31:35.621670','2014-11-02 21:31:35.621670');
INSERT INTO "searches" VALUES(164,'["qui", "hic", "laboriosam", "distinctio", "reprehenderit", "fugit", "quia", "illo"]','2014-11-02 21:31:35.659384','2014-11-02 21:31:35.659384');
INSERT INTO "searches" VALUES(165,'["dolorem", "harum"]','2014-11-02 21:31:35.665064','2014-11-02 21:31:35.665064');
INSERT INTO "searches" VALUES(166,'["rem", "consectetur", "aliquam", "totam", "sequi", "ipsam"]','2014-11-02 21:31:35.702765','2014-11-02 21:31:35.702765');
INSERT INTO "searches" VALUES(167,'["saepe", "soluta", "eum", "error", "qui", "velit", "sit", "quod"]','2014-11-02 21:31:35.709538','2014-11-02 21:31:35.709538');
INSERT INTO "searches" VALUES(168,'["officia", "aperiam", "labore", "sed"]','2014-11-02 21:31:35.728980','2014-11-02 21:31:35.728980');
INSERT INTO "searches" VALUES(169,'["aliquam", "quisquam", "id", "magni", "necessitatibus", "possimus", "inventore"]','2014-11-02 21:31:35.735031','2014-11-02 21:31:35.735031');
INSERT INTO "searches" VALUES(170,'["consequatur", "nisi", "quis", "repellat", "odit", "ut", "nostrum", "nihil", "qui", "distinctio"]','2014-11-02 21:31:35.741363','2014-11-02 21:31:35.741363');
INSERT INTO "searches" VALUES(171,'["quaerat", "similique", "tempore", "asperiores", "debitis", "delectus", "id", "ea", "ex", "cupiditate"]','2014-11-02 21:31:35.754641','2014-11-02 21:31:35.754641');
INSERT INTO "searches" VALUES(172,'["consequatur", "blanditiis", "doloribus", "aperiam", "ullam", "tenetur", "ducimus"]','2014-11-02 21:31:35.773177','2014-11-02 21:31:35.773177');
INSERT INTO "searches" VALUES(173,'["ut", "recusandae"]','2014-11-02 21:31:35.785970','2014-11-02 21:31:35.785970');
INSERT INTO "searches" VALUES(174,'["voluptate", "neque", "sed", "eum", "velit", "sed", "quia", "aut"]','2014-11-02 21:31:35.817484','2014-11-02 21:31:35.817484');
INSERT INTO "searches" VALUES(175,'["ut", "quia", "quas", "aut", "sed", "blanditiis", "magni", "nemo", "pariatur", "aliquam"]','2014-11-02 21:31:35.830346','2014-11-02 21:31:35.830346');
INSERT INTO "searches" VALUES(176,'["possimus"]','2014-11-02 21:31:35.836141','2014-11-02 21:31:35.836141');
INSERT INTO "searches" VALUES(177,'["ea", "nihil", "expedita"]','2014-11-02 21:31:35.892403','2014-11-02 21:31:35.892403');
INSERT INTO "searches" VALUES(178,'["voluptas", "rerum", "sequi", "et"]','2014-11-02 21:31:35.924467','2014-11-02 21:31:35.924467');
INSERT INTO "searches" VALUES(179,'["aut", "dolor", "non"]','2014-11-02 21:31:35.950288','2014-11-02 21:31:35.950288');
INSERT INTO "searches" VALUES(180,'["sequi", "ut", "aut", "sit", "eos", "aut", "et", "laborum", "omnis", "natus"]','2014-11-02 21:31:35.975768','2014-11-02 21:31:35.975768');
INSERT INTO "searches" VALUES(181,'["eligendi", "omnis", "non", "explicabo", "non", "eveniet", "ut", "quia", "voluptate"]','2014-11-02 21:31:36.005342','2014-11-02 21:31:36.005342');
INSERT INTO "searches" VALUES(182,'["et", "enim"]','2014-11-02 21:31:36.017870','2014-11-02 21:31:36.017870');
INSERT INTO "searches" VALUES(183,'["sed", "necessitatibus", "sint"]','2014-11-02 21:31:36.081054','2014-11-02 21:31:36.081054');
INSERT INTO "searches" VALUES(184,'["quia", "soluta", "delectus", "ut", "qui", "optio"]','2014-11-02 21:31:36.087783','2014-11-02 21:31:36.087783');
INSERT INTO "searches" VALUES(185,'["deleniti", "asperiores", "fugiat", "veritatis", "perferendis", "qui"]','2014-11-02 21:31:36.094623','2014-11-02 21:31:36.094623');
INSERT INTO "searches" VALUES(186,'["rerum", "quod", "sed", "fuga", "ducimus", "pariatur", "sint", "totam", "iste", "excepturi"]','2014-11-02 21:31:36.101876','2014-11-02 21:31:36.101876');
INSERT INTO "searches" VALUES(187,'["et", "deserunt", "est", "optio", "aliquid", "rerum", "enim", "aut", "et", "dolor"]','2014-11-02 21:31:36.213507','2014-11-02 21:31:36.213507');
INSERT INTO "searches" VALUES(188,'["dolores", "non", "aut", "excepturi", "possimus", "quia", "omnis", "deserunt", "labore", "molestias"]','2014-11-02 21:31:36.241568','2014-11-02 21:31:36.241568');
INSERT INTO "searches" VALUES(189,'["suscipit", "adipisci", "cum", "non", "et", "aperiam", "sit", "culpa"]','2014-11-02 21:31:36.254375','2014-11-02 21:31:36.254375');
INSERT INTO "searches" VALUES(190,'["molestiae", "dolorum"]','2014-11-02 21:31:36.260344','2014-11-02 21:31:36.260344');
INSERT INTO "searches" VALUES(191,'["adipisci", "animi", "velit", "ratione", "perspiciatis", "numquam", "ea", "quibusdam", "et", "qui"]','2014-11-02 21:31:36.280168','2014-11-02 21:31:36.280168');
INSERT INTO "searches" VALUES(192,'["aut", "quos"]','2014-11-02 21:31:36.287232','2014-11-02 21:31:36.287232');
INSERT INTO "searches" VALUES(193,'["officiis"]','2014-11-02 21:31:36.293592','2014-11-02 21:31:36.293592');
INSERT INTO "searches" VALUES(194,'["quisquam", "voluptatem", "ratione", "perferendis", "quasi", "non"]','2014-11-02 21:31:36.315545','2014-11-02 21:31:36.315545');
INSERT INTO "searches" VALUES(195,'["repudiandae", "ipsam", "dolores", "mollitia", "fugit", "voluptatem", "recusandae", "iste", "accusantium", "eos"]','2014-11-02 21:31:36.341237','2014-11-02 21:31:36.341237');
INSERT INTO "searches" VALUES(196,'["corrupti"]','2014-11-02 21:31:36.354102','2014-11-02 21:31:36.354102');
INSERT INTO "searches" VALUES(197,'["est", "nostrum", "aut", "qui", "eos", "officia", "ad", "tenetur", "voluptatem"]','2014-11-02 21:31:36.379721','2014-11-02 21:31:36.379721');
INSERT INTO "searches" VALUES(198,'["sit", "in", "cum", "iure", "vitae"]','2014-11-02 21:31:36.430764','2014-11-02 21:31:36.430764');
INSERT INTO "searches" VALUES(199,'["fuga", "et", "magnam"]','2014-11-02 21:31:36.456271','2014-11-02 21:31:36.456271');
CREATE TABLE "tabs" ("id" INTEGER PRIMARY KEY AUTOINCREMENT NOT NULL, "name" varchar, "tab_type" varchar, "created_at" datetime NOT NULL, "updated_at" datetime NOT NULL);
INSERT INTO "tabs" VALUES(1,'["laborum"]','Bootstrap','2014-11-02 21:31:31.308809','2014-11-02 21:31:31.308809');
INSERT INTO "tabs" VALUES(2,'["autem"]','Bootstrap','2014-11-02 21:31:31.315758','2014-11-02 21:31:31.315758');
INSERT INTO "tabs" VALUES(3,'["et"]','MM','2014-11-02 21:31:31.340787','2014-11-02 21:31:31.340787');
INSERT INTO "tabs" VALUES(4,'["enim"]','Bootstrap','2014-11-02 21:31:31.366658','2014-11-02 21:31:31.366658');
INSERT INTO "tabs" VALUES(5,'["est"]','Bootstrap','2014-11-02 21:31:31.392654','2014-11-02 21:31:31.392654');
INSERT INTO "tabs" VALUES(6,'["voluptatum"]','MM','2014-11-02 21:31:31.399209','2014-11-02 21:31:31.399209');
INSERT INTO "tabs" VALUES(7,'["sapiente"]','MM','2014-11-02 21:31:31.405413','2014-11-02 21:31:31.405413');
INSERT INTO "tabs" VALUES(8,'["in"]','Bootstrap','2014-11-02 21:31:31.450353','2014-11-02 21:31:31.450353');
INSERT INTO "tabs" VALUES(9,'["enim"]','Bootstrap','2014-11-02 21:31:31.481734','2014-11-02 21:31:31.481734');
INSERT INTO "tabs" VALUES(10,'["rerum"]','Bootstrap','2014-11-02 21:31:31.565095','2014-11-02 21:31:31.565095');
INSERT INTO "tabs" VALUES(11,'["at"]','Bootstrap','2014-11-02 21:31:31.597210','2014-11-02 21:31:31.597210');
INSERT INTO "tabs" VALUES(12,'["quia"]','Bootstrap','2014-11-02 21:31:31.610737','2014-11-02 21:31:31.610737');
INSERT INTO "tabs" VALUES(13,'["aliquid"]','Bootstrap','2014-11-02 21:31:31.622981','2014-11-02 21:31:31.622981');
INSERT INTO "tabs" VALUES(14,'["minima"]','Bootstrap','2014-11-02 21:31:31.635220','2014-11-02 21:31:31.635220');
INSERT INTO "tabs" VALUES(15,'["at"]','Bootstrap','2014-11-02 21:31:31.660873','2014-11-02 21:31:31.660873');
INSERT INTO "tabs" VALUES(16,'["molestiae"]','Bootstrap','2014-11-02 21:31:31.708292','2014-11-02 21:31:31.708292');
INSERT INTO "tabs" VALUES(17,'["eum"]','MM','2014-11-02 21:31:31.769460','2014-11-02 21:31:31.769460');
INSERT INTO "tabs" VALUES(18,'["quis"]','Bootstrap','2014-11-02 21:31:31.781984','2014-11-02 21:31:31.781984');
INSERT INTO "tabs" VALUES(19,'["nobis"]','MM','2014-11-02 21:31:31.828064','2014-11-02 21:31:31.828064');
INSERT INTO "tabs" VALUES(20,'["corporis"]','Bootstrap','2014-11-02 21:31:31.892840','2014-11-02 21:31:31.892840');
INSERT INTO "tabs" VALUES(21,'["eius"]','Bootstrap','2014-11-02 21:31:31.909549','2014-11-02 21:31:31.909549');
INSERT INTO "tabs" VALUES(22,'["placeat"]','Bootstrap','2014-11-02 21:31:31.955893','2014-11-02 21:31:31.955893');
INSERT INTO "tabs" VALUES(23,'["possimus"]','MM','2014-11-02 21:31:31.963000','2014-11-02 21:31:31.963000');
INSERT INTO "tabs" VALUES(24,'["ipsa"]','Bootstrap','2014-11-02 21:31:31.989442','2014-11-02 21:31:31.989442');
INSERT INTO "tabs" VALUES(25,'["optio"]','MM','2014-11-02 21:31:32.015075','2014-11-02 21:31:32.015075');
INSERT INTO "tabs" VALUES(26,'["pariatur"]','Bootstrap','2014-11-02 21:31:32.041331','2014-11-02 21:31:32.041331');
INSERT INTO "tabs" VALUES(27,'["debitis"]','Bootstrap','2014-11-02 21:31:32.047717','2014-11-02 21:31:32.047717');
INSERT INTO "tabs" VALUES(28,'["sint"]','Bootstrap','2014-11-02 21:31:32.098421','2014-11-02 21:31:32.098421');
INSERT INTO "tabs" VALUES(29,'["in"]','MM','2014-11-02 21:31:32.143276','2014-11-02 21:31:32.143276');
INSERT INTO "tabs" VALUES(30,'["et"]','MM','2014-11-02 21:31:32.155850','2014-11-02 21:31:32.155850');
INSERT INTO "tabs" VALUES(31,'["sit"]','MM','2014-11-02 21:31:32.168693','2014-11-02 21:31:32.168693');
INSERT INTO "tabs" VALUES(32,'["est"]','Bootstrap','2014-11-02 21:31:32.175166','2014-11-02 21:31:32.175166');
INSERT INTO "tabs" VALUES(33,'["vel"]','MM','2014-11-02 21:31:32.187744','2014-11-02 21:31:32.187744');
INSERT INTO "tabs" VALUES(34,'["distinctio"]','Bootstrap','2014-11-02 21:31:32.219235','2014-11-02 21:31:32.219235');
INSERT INTO "tabs" VALUES(35,'["eaque"]','MM','2014-11-02 21:31:32.290346','2014-11-02 21:31:32.290346');
INSERT INTO "tabs" VALUES(36,'["aut"]','MM','2014-11-02 21:31:32.299430','2014-11-02 21:31:32.299430');
INSERT INTO "tabs" VALUES(37,'["temporibus"]','Bootstrap','2014-11-02 21:31:32.307533','2014-11-02 21:31:32.307533');
INSERT INTO "tabs" VALUES(38,'["facere"]','Bootstrap','2014-11-02 21:31:32.338848','2014-11-02 21:31:32.338848');
INSERT INTO "tabs" VALUES(39,'["ullam"]','MM','2014-11-02 21:31:32.347065','2014-11-02 21:31:32.347065');
INSERT INTO "tabs" VALUES(40,'["est"]','MM','2014-11-02 21:31:32.419701','2014-11-02 21:31:32.419701');
INSERT INTO "tabs" VALUES(41,'["voluptatibus"]','Bootstrap','2014-11-02 21:31:32.433604','2014-11-02 21:31:32.433604');
INSERT INTO "tabs" VALUES(42,'["a"]','Bootstrap','2014-11-02 21:31:32.440343','2014-11-02 21:31:32.440343');
INSERT INTO "tabs" VALUES(43,'["aut"]','MM','2014-11-02 21:31:32.467750','2014-11-02 21:31:32.467750');
INSERT INTO "tabs" VALUES(44,'["vero"]','MM','2014-11-02 21:31:32.474365','2014-11-02 21:31:32.474365');
INSERT INTO "tabs" VALUES(45,'["porro"]','Bootstrap','2014-11-02 21:31:32.498937','2014-11-02 21:31:32.498937');
INSERT INTO "tabs" VALUES(46,'["alias"]','Bootstrap','2014-11-02 21:31:32.549024','2014-11-02 21:31:32.549024');
INSERT INTO "tabs" VALUES(47,'["inventore"]','Bootstrap','2014-11-02 21:31:32.556102','2014-11-02 21:31:32.556102');
INSERT INTO "tabs" VALUES(48,'["sit"]','MM','2014-11-02 21:31:32.594724','2014-11-02 21:31:32.594724');
INSERT INTO "tabs" VALUES(49,'["omnis"]','Bootstrap','2014-11-02 21:31:32.613657','2014-11-02 21:31:32.613657');
INSERT INTO "tabs" VALUES(50,'["dolorem"]','MM','2014-11-02 21:31:32.626100','2014-11-02 21:31:32.626100');
INSERT INTO "tabs" VALUES(51,'["cupiditate"]','Bootstrap','2014-11-02 21:31:32.640011','2014-11-02 21:31:32.640011');
INSERT INTO "tabs" VALUES(52,'["corporis"]','MM','2014-11-02 21:31:32.677905','2014-11-02 21:31:32.677905');
INSERT INTO "tabs" VALUES(53,'["minima"]','Bootstrap','2014-11-02 21:31:32.684225','2014-11-02 21:31:32.684225');
INSERT INTO "tabs" VALUES(54,'["id"]','Bootstrap','2014-11-02 21:31:32.772157','2014-11-02 21:31:32.772157');
INSERT INTO "tabs" VALUES(55,'["aut"]','MM','2014-11-02 21:31:32.779223','2014-11-02 21:31:32.779223');
INSERT INTO "tabs" VALUES(56,'["error"]','Bootstrap','2014-11-02 21:31:32.817602','2014-11-02 21:31:32.817602');
INSERT INTO "tabs" VALUES(57,'["at"]','Bootstrap','2014-11-02 21:31:32.823627','2014-11-02 21:31:32.823627');
INSERT INTO "tabs" VALUES(58,'["iusto"]','Bootstrap','2014-11-02 21:31:32.843161','2014-11-02 21:31:32.843161');
INSERT INTO "tabs" VALUES(59,'["voluptas"]','MM','2014-11-02 21:31:32.849431','2014-11-02 21:31:32.849431');
INSERT INTO "tabs" VALUES(60,'["impedit"]','Bootstrap','2014-11-02 21:31:32.862211','2014-11-02 21:31:32.862211');
INSERT INTO "tabs" VALUES(61,'["neque"]','MM','2014-11-02 21:31:32.874686','2014-11-02 21:31:32.874686');
INSERT INTO "tabs" VALUES(62,'["accusantium"]','Bootstrap','2014-11-02 21:31:32.915291','2014-11-02 21:31:32.915291');
INSERT INTO "tabs" VALUES(63,'["distinctio"]','MM','2014-11-02 21:31:32.928968','2014-11-02 21:31:32.928968');
INSERT INTO "tabs" VALUES(64,'["ipsa"]','MM','2014-11-02 21:31:32.964364','2014-11-02 21:31:32.964364');
INSERT INTO "tabs" VALUES(65,'["non"]','Bootstrap','2014-11-02 21:31:32.997226','2014-11-02 21:31:32.997226');
INSERT INTO "tabs" VALUES(66,'["ut"]','Bootstrap','2014-11-02 21:31:33.004902','2014-11-02 21:31:33.004902');
INSERT INTO "tabs" VALUES(67,'["in"]','MM','2014-11-02 21:31:33.019914','2014-11-02 21:31:33.019914');
INSERT INTO "tabs" VALUES(68,'["ut"]','Bootstrap','2014-11-02 21:31:33.045736','2014-11-02 21:31:33.045736');
INSERT INTO "tabs" VALUES(69,'["tempora"]','MM','2014-11-02 21:31:33.071907','2014-11-02 21:31:33.071907');
INSERT INTO "tabs" VALUES(70,'["qui"]','Bootstrap','2014-11-02 21:31:33.086974','2014-11-02 21:31:33.086974');
INSERT INTO "tabs" VALUES(71,'["voluptas"]','Bootstrap','2014-11-02 21:31:33.099879','2014-11-02 21:31:33.099879');
INSERT INTO "tabs" VALUES(72,'["veritatis"]','MM','2014-11-02 21:31:33.119499','2014-11-02 21:31:33.119499');
INSERT INTO "tabs" VALUES(73,'["ut"]','Bootstrap','2014-11-02 21:31:33.145450','2014-11-02 21:31:33.145450');
INSERT INTO "tabs" VALUES(74,'["illo"]','Bootstrap','2014-11-02 21:31:33.184511','2014-11-02 21:31:33.184511');
INSERT INTO "tabs" VALUES(75,'["in"]','MM','2014-11-02 21:31:33.199057','2014-11-02 21:31:33.199057');
INSERT INTO "tabs" VALUES(76,'["voluptas"]','Bootstrap','2014-11-02 21:31:33.218519','2014-11-02 21:31:33.218519');
INSERT INTO "tabs" VALUES(77,'["ab"]','MM','2014-11-02 21:31:33.230685','2014-11-02 21:31:33.230685');
INSERT INTO "tabs" VALUES(78,'["quia"]','Bootstrap','2014-11-02 21:31:33.242926','2014-11-02 21:31:33.242926');
INSERT INTO "tabs" VALUES(79,'["laboriosam"]','MM','2014-11-02 21:31:33.249377','2014-11-02 21:31:33.249377');
INSERT INTO "tabs" VALUES(80,'["corporis"]','Bootstrap','2014-11-02 21:31:33.262335','2014-11-02 21:31:33.262335');
INSERT INTO "tabs" VALUES(81,'["non"]','MM','2014-11-02 21:31:33.280938','2014-11-02 21:31:33.280938');
INSERT INTO "tabs" VALUES(82,'["voluptatem"]','MM','2014-11-02 21:31:33.335741','2014-11-02 21:31:33.335741');
INSERT INTO "tabs" VALUES(83,'["provident"]','Bootstrap','2014-11-02 21:31:33.342037','2014-11-02 21:31:33.342037');
INSERT INTO "tabs" VALUES(84,'["molestiae"]','MM','2014-11-02 21:31:33.366835','2014-11-02 21:31:33.366835');
INSERT INTO "tabs" VALUES(85,'["doloribus"]','MM','2014-11-02 21:31:33.378845','2014-11-02 21:31:33.378845');
INSERT INTO "tabs" VALUES(86,'["atque"]','Bootstrap','2014-11-02 21:31:33.392368','2014-11-02 21:31:33.392368');
INSERT INTO "tabs" VALUES(87,'["voluptate"]','MM','2014-11-02 21:31:33.405910','2014-11-02 21:31:33.405910');
INSERT INTO "tabs" VALUES(88,'["rerum"]','MM','2014-11-02 21:31:33.438087','2014-11-02 21:31:33.438087');
INSERT INTO "tabs" VALUES(89,'["nihil"]','Bootstrap','2014-11-02 21:31:33.491035','2014-11-02 21:31:33.491035');
INSERT INTO "tabs" VALUES(90,'["nihil"]','MM','2014-11-02 21:31:33.516436','2014-11-02 21:31:33.516436');
INSERT INTO "tabs" VALUES(91,'["tenetur"]','MM','2014-11-02 21:31:33.618367','2014-11-02 21:31:33.618367');
INSERT INTO "tabs" VALUES(92,'["eum"]','Bootstrap','2014-11-02 21:31:33.657349','2014-11-02 21:31:33.657349');
INSERT INTO "tabs" VALUES(93,'["unde"]','Bootstrap','2014-11-02 21:31:33.673725','2014-11-02 21:31:33.673725');
INSERT INTO "tabs" VALUES(94,'["dolorum"]','Bootstrap','2014-11-02 21:31:33.689295','2014-11-02 21:31:33.689295');
INSERT INTO "tabs" VALUES(95,'["facere"]','Bootstrap','2014-11-02 21:31:33.706828','2014-11-02 21:31:33.706828');
INSERT INTO "tabs" VALUES(96,'["aut"]','MM','2014-11-02 21:31:33.714685','2014-11-02 21:31:33.714685');
INSERT INTO "tabs" VALUES(97,'["nihil"]','MM','2014-11-02 21:31:33.762607','2014-11-02 21:31:33.762607');
INSERT INTO "tabs" VALUES(98,'["blanditiis"]','MM','2014-11-02 21:31:33.769659','2014-11-02 21:31:33.769659');
INSERT INTO "tabs" VALUES(99,'["accusantium"]','Bootstrap','2014-11-02 21:31:33.777565','2014-11-02 21:31:33.777565');
INSERT INTO "tabs" VALUES(100,'["cupiditate"]','MM','2014-11-02 21:31:33.793249','2014-11-02 21:31:33.793249');
INSERT INTO "tabs" VALUES(101,'["ipsam"]','Bootstrap','2014-11-02 21:31:33.826932','2014-11-02 21:31:33.826932');
INSERT INTO "tabs" VALUES(102,'["est"]','Bootstrap','2014-11-02 21:31:33.834161','2014-11-02 21:31:33.834161');
INSERT INTO "tabs" VALUES(103,'["architecto"]','Bootstrap','2014-11-02 21:31:33.841357','2014-11-02 21:31:33.841357');
INSERT INTO "tabs" VALUES(104,'["enim"]','MM','2014-11-02 21:31:33.848507','2014-11-02 21:31:33.848507');
INSERT INTO "tabs" VALUES(105,'["dolorem"]','Bootstrap','2014-11-02 21:31:33.900192','2014-11-02 21:31:33.900192');
INSERT INTO "tabs" VALUES(106,'["dolor"]','Bootstrap','2014-11-02 21:31:33.974894','2014-11-02 21:31:33.974894');
INSERT INTO "tabs" VALUES(107,'["est"]','MM','2014-11-02 21:31:33.989436','2014-11-02 21:31:33.989436');
INSERT INTO "tabs" VALUES(108,'["cum"]','MM','2014-11-02 21:31:34.109424','2014-11-02 21:31:34.109424');
INSERT INTO "tabs" VALUES(109,'["vel"]','MM','2014-11-02 21:31:34.115691','2014-11-02 21:31:34.115691');
INSERT INTO "tabs" VALUES(110,'["ducimus"]','Bootstrap','2014-11-02 21:31:34.128233','2014-11-02 21:31:34.128233');
INSERT INTO "tabs" VALUES(111,'["minima"]','MM','2014-11-02 21:31:34.160737','2014-11-02 21:31:34.160737');
INSERT INTO "tabs" VALUES(112,'["deleniti"]','MM','2014-11-02 21:31:34.191916','2014-11-02 21:31:34.191916');
INSERT INTO "tabs" VALUES(113,'["sit"]','MM','2014-11-02 21:31:34.199866','2014-11-02 21:31:34.199866');
INSERT INTO "tabs" VALUES(114,'["voluptas"]','MM','2014-11-02 21:31:34.236487','2014-11-02 21:31:34.236487');
INSERT INTO "tabs" VALUES(115,'["voluptatem"]','MM','2014-11-02 21:31:34.285565','2014-11-02 21:31:34.285565');
INSERT INTO "tabs" VALUES(116,'["ut"]','Bootstrap','2014-11-02 21:31:34.320426','2014-11-02 21:31:34.320426');
INSERT INTO "tabs" VALUES(117,'["non"]','MM','2014-11-02 21:31:34.340540','2014-11-02 21:31:34.340540');
INSERT INTO "tabs" VALUES(118,'["nisi"]','MM','2014-11-02 21:31:34.346447','2014-11-02 21:31:34.346447');
INSERT INTO "tabs" VALUES(119,'["doloremque"]','MM','2014-11-02 21:31:34.372229','2014-11-02 21:31:34.372229');
INSERT INTO "tabs" VALUES(120,'["officia"]','MM','2014-11-02 21:31:34.405250','2014-11-02 21:31:34.405250');
INSERT INTO "tabs" VALUES(121,'["sit"]','MM','2014-11-02 21:31:34.411856','2014-11-02 21:31:34.411856');
INSERT INTO "tabs" VALUES(122,'["veniam"]','Bootstrap','2014-11-02 21:31:34.418250','2014-11-02 21:31:34.418250');
INSERT INTO "tabs" VALUES(123,'["doloremque"]','Bootstrap','2014-11-02 21:31:34.431032','2014-11-02 21:31:34.431032');
INSERT INTO "tabs" VALUES(124,'["minus"]','MM','2014-11-02 21:31:34.436826','2014-11-02 21:31:34.436826');
INSERT INTO "tabs" VALUES(125,'["rerum"]','MM','2014-11-02 21:31:34.455654','2014-11-02 21:31:34.455654');
INSERT INTO "tabs" VALUES(126,'["exercitationem"]','Bootstrap','2014-11-02 21:31:34.570190','2014-11-02 21:31:34.570190');
INSERT INTO "tabs" VALUES(127,'["ea"]','Bootstrap','2014-11-02 21:31:34.576886','2014-11-02 21:31:34.576886');
INSERT INTO "tabs" VALUES(128,'["quis"]','MM','2014-11-02 21:31:34.590673','2014-11-02 21:31:34.590673');
INSERT INTO "tabs" VALUES(129,'["sit"]','MM','2014-11-02 21:31:34.603555','2014-11-02 21:31:34.603555');
INSERT INTO "tabs" VALUES(130,'["in"]','MM','2014-11-02 21:31:34.629173','2014-11-02 21:31:34.629173');
INSERT INTO "tabs" VALUES(131,'["rerum"]','MM','2014-11-02 21:31:34.642020','2014-11-02 21:31:34.642020');
INSERT INTO "tabs" VALUES(132,'["quidem"]','Bootstrap','2014-11-02 21:31:34.687753','2014-11-02 21:31:34.687753');
INSERT INTO "tabs" VALUES(133,'["rerum"]','MM','2014-11-02 21:31:34.738062','2014-11-02 21:31:34.738062');
INSERT INTO "tabs" VALUES(134,'["impedit"]','MM','2014-11-02 21:31:34.743928','2014-11-02 21:31:34.743928');
INSERT INTO "tabs" VALUES(135,'["et"]','MM','2014-11-02 21:31:34.769394','2014-11-02 21:31:34.769394');
INSERT INTO "tabs" VALUES(136,'["et"]','MM','2014-11-02 21:31:34.808769','2014-11-02 21:31:34.808769');
INSERT INTO "tabs" VALUES(137,'["repellendus"]','MM','2014-11-02 21:31:34.846578','2014-11-02 21:31:34.846578');
INSERT INTO "tabs" VALUES(138,'["explicabo"]','Bootstrap','2014-11-02 21:31:34.879171','2014-11-02 21:31:34.879171');
INSERT INTO "tabs" VALUES(139,'["eveniet"]','Bootstrap','2014-11-02 21:31:34.885287','2014-11-02 21:31:34.885287');
INSERT INTO "tabs" VALUES(140,'["temporibus"]','Bootstrap','2014-11-02 21:31:34.903115','2014-11-02 21:31:34.903115');
INSERT INTO "tabs" VALUES(141,'["aspernatur"]','MM','2014-11-02 21:31:34.915562','2014-11-02 21:31:34.915562');
INSERT INTO "tabs" VALUES(142,'["repellendus"]','MM','2014-11-02 21:31:34.928713','2014-11-02 21:31:34.928713');
INSERT INTO "tabs" VALUES(143,'["qui"]','Bootstrap','2014-11-02 21:31:34.935322','2014-11-02 21:31:34.935322');
INSERT INTO "tabs" VALUES(144,'["et"]','Bootstrap','2014-11-02 21:31:34.941453','2014-11-02 21:31:34.941453');
INSERT INTO "tabs" VALUES(145,'["quaerat"]','Bootstrap','2014-11-02 21:31:34.947232','2014-11-02 21:31:34.947232');
INSERT INTO "tabs" VALUES(146,'["cum"]','Bootstrap','2014-11-02 21:31:34.971898','2014-11-02 21:31:34.971898');
INSERT INTO "tabs" VALUES(147,'["rerum"]','Bootstrap','2014-11-02 21:31:34.978000','2014-11-02 21:31:34.978000');
INSERT INTO "tabs" VALUES(148,'["praesentium"]','MM','2014-11-02 21:31:35.010938','2014-11-02 21:31:35.010938');
INSERT INTO "tabs" VALUES(149,'["est"]','MM','2014-11-02 21:31:35.049611','2014-11-02 21:31:35.049611');
INSERT INTO "tabs" VALUES(150,'["sapiente"]','Bootstrap','2014-11-02 21:31:35.062008','2014-11-02 21:31:35.062008');
INSERT INTO "tabs" VALUES(151,'["dolorum"]','MM','2014-11-02 21:31:35.156194','2014-11-02 21:31:35.156194');
INSERT INTO "tabs" VALUES(152,'["non"]','MM','2014-11-02 21:31:35.162277','2014-11-02 21:31:35.162277');
INSERT INTO "tabs" VALUES(153,'["odit"]','Bootstrap','2014-11-02 21:31:35.195329','2014-11-02 21:31:35.195329');
INSERT INTO "tabs" VALUES(154,'["rerum"]','Bootstrap','2014-11-02 21:31:35.208540','2014-11-02 21:31:35.208540');
INSERT INTO "tabs" VALUES(155,'["id"]','MM','2014-11-02 21:31:35.214644','2014-11-02 21:31:35.214644');
INSERT INTO "tabs" VALUES(156,'["fugiat"]','MM','2014-11-02 21:31:35.270542','2014-11-02 21:31:35.270542');
INSERT INTO "tabs" VALUES(157,'["repellendus"]','Bootstrap','2014-11-02 21:31:35.276804','2014-11-02 21:31:35.276804');
INSERT INTO "tabs" VALUES(158,'["quos"]','MM','2014-11-02 21:31:35.374119','2014-11-02 21:31:35.374119');
INSERT INTO "tabs" VALUES(159,'["eligendi"]','MM','2014-11-02 21:31:35.387305','2014-11-02 21:31:35.387305');
INSERT INTO "tabs" VALUES(160,'["quia"]','Bootstrap','2014-11-02 21:31:35.427021','2014-11-02 21:31:35.427021');
INSERT INTO "tabs" VALUES(161,'["voluptas"]','Bootstrap','2014-11-02 21:31:35.433755','2014-11-02 21:31:35.433755');
INSERT INTO "tabs" VALUES(162,'["ut"]','MM','2014-11-02 21:31:35.453143','2014-11-02 21:31:35.453143');
INSERT INTO "tabs" VALUES(163,'["harum"]','Bootstrap','2014-11-02 21:31:35.465336','2014-11-02 21:31:35.465336');
INSERT INTO "tabs" VALUES(164,'["neque"]','Bootstrap','2014-11-02 21:31:35.477928','2014-11-02 21:31:35.477928');
INSERT INTO "tabs" VALUES(165,'["magni"]','Bootstrap','2014-11-02 21:31:35.490272','2014-11-02 21:31:35.490272');
INSERT INTO "tabs" VALUES(166,'["nisi"]','MM','2014-11-02 21:31:35.519576','2014-11-02 21:31:35.519576');
INSERT INTO "tabs" VALUES(167,'["aut"]','MM','2014-11-02 21:31:35.572421','2014-11-02 21:31:35.572421');
INSERT INTO "tabs" VALUES(168,'["aut"]','MM','2014-11-02 21:31:35.584969','2014-11-02 21:31:35.584969');
INSERT INTO "tabs" VALUES(169,'["ut"]','Bootstrap','2014-11-02 21:31:35.640380','2014-11-02 21:31:35.640380');
INSERT INTO "tabs" VALUES(170,'["nostrum"]','Bootstrap','2014-11-02 21:31:35.646571','2014-11-02 21:31:35.646571');
INSERT INTO "tabs" VALUES(171,'["quo"]','Bootstrap','2014-11-02 21:31:35.722975','2014-11-02 21:31:35.722975');
INSERT INTO "tabs" VALUES(172,'["temporibus"]','MM','2014-11-02 21:31:35.760625','2014-11-02 21:31:35.760625');
INSERT INTO "tabs" VALUES(173,'["similique"]','Bootstrap','2014-11-02 21:31:35.766955','2014-11-02 21:31:35.766955');
INSERT INTO "tabs" VALUES(174,'["consequatur"]','MM','2014-11-02 21:31:35.798642','2014-11-02 21:31:35.798642');
INSERT INTO "tabs" VALUES(175,'["nostrum"]','Bootstrap','2014-11-02 21:31:35.804749','2014-11-02 21:31:35.804749');
INSERT INTO "tabs" VALUES(176,'["non"]','MM','2014-11-02 21:31:35.860586','2014-11-02 21:31:35.860586');
INSERT INTO "tabs" VALUES(177,'["minus"]','Bootstrap','2014-11-02 21:31:35.866583','2014-11-02 21:31:35.866583');
INSERT INTO "tabs" VALUES(178,'["omnis"]','MM','2014-11-02 21:31:35.905290','2014-11-02 21:31:35.905290');
INSERT INTO "tabs" VALUES(179,'["nisi"]','MM','2014-11-02 21:31:35.911402','2014-11-02 21:31:35.911402');
INSERT INTO "tabs" VALUES(180,'["vel"]','Bootstrap','2014-11-02 21:31:35.943797','2014-11-02 21:31:35.943797');
INSERT INTO "tabs" VALUES(181,'["quidem"]','Bootstrap','2014-11-02 21:31:35.963396','2014-11-02 21:31:35.963396');
INSERT INTO "tabs" VALUES(182,'["aut"]','MM','2014-11-02 21:31:35.999139','2014-11-02 21:31:35.999139');
INSERT INTO "tabs" VALUES(183,'["dolorem"]','Bootstrap','2014-11-02 21:31:36.030777','2014-11-02 21:31:36.030777');
INSERT INTO "tabs" VALUES(184,'["est"]','MM','2014-11-02 21:31:36.044704','2014-11-02 21:31:36.044704');
INSERT INTO "tabs" VALUES(185,'["tempore"]','MM','2014-11-02 21:31:36.050967','2014-11-02 21:31:36.050967');
INSERT INTO "tabs" VALUES(186,'["qui"]','Bootstrap','2014-11-02 21:31:36.057047','2014-11-02 21:31:36.057047');
INSERT INTO "tabs" VALUES(187,'["blanditiis"]','MM','2014-11-02 21:31:36.194291','2014-11-02 21:31:36.194291');
INSERT INTO "tabs" VALUES(188,'["eum"]','Bootstrap','2014-11-02 21:31:36.204292','2014-11-02 21:31:36.204292');
INSERT INTO "tabs" VALUES(189,'["qui"]','Bootstrap','2014-11-02 21:31:36.228444','2014-11-02 21:31:36.228444');
INSERT INTO "tabs" VALUES(190,'["necessitatibus"]','Bootstrap','2014-11-02 21:31:36.266754','2014-11-02 21:31:36.266754');
INSERT INTO "tabs" VALUES(191,'["consequatur"]','MM','2014-11-02 21:31:36.308916','2014-11-02 21:31:36.308916');
INSERT INTO "tabs" VALUES(192,'["aut"]','Bootstrap','2014-11-02 21:31:36.324839','2014-11-02 21:31:36.324839');
INSERT INTO "tabs" VALUES(193,'["quam"]','Bootstrap','2014-11-02 21:31:36.347463','2014-11-02 21:31:36.347463');
INSERT INTO "tabs" VALUES(194,'["dolores"]','MM','2014-11-02 21:31:36.366695','2014-11-02 21:31:36.366695');
INSERT INTO "tabs" VALUES(195,'["et"]','MM','2014-11-02 21:31:36.386061','2014-11-02 21:31:36.386061');
INSERT INTO "tabs" VALUES(196,'["quos"]','Bootstrap','2014-11-02 21:31:36.392389','2014-11-02 21:31:36.392389');
INSERT INTO "tabs" VALUES(197,'["repudiandae"]','MM','2014-11-02 21:31:36.418087','2014-11-02 21:31:36.418087');
INSERT INTO "tabs" VALUES(198,'["quae"]','Bootstrap','2014-11-02 21:31:36.462341','2014-11-02 21:31:36.462341');
INSERT INTO "tabs" VALUES(199,'["non"]','Bootstrap','2014-11-02 21:31:36.468488','2014-11-02 21:31:36.468488');
INSERT INTO "tabs" VALUES(200,'["reiciendis"]','MM','2014-11-02 21:31:36.474939','2014-11-02 21:31:36.474939');
INSERT INTO "tabs" VALUES(201,'["tempora"]','MM','2014-11-02 21:31:36.481111','2014-11-02 21:31:36.481111');
INSERT INTO "tabs" VALUES(202,'["dolor"]','Bootstrap','2014-11-02 21:31:36.493859','2014-11-02 21:31:36.493859');
INSERT INTO "tabs" VALUES(203,'Post-Call Form','Bootstrap','2014-11-05 21:39:07.777901','2014-11-05 21:39:07.777901');
INSERT INTO "tabs" VALUES(204,'Test Links','Bootstrap','2014-11-05 21:39:08.202792','2014-11-05 21:39:08.202792');
INSERT INTO "tabs" VALUES(205,'Search','Bootstrap','2014-11-05 21:39:08.844996','2014-11-05 21:39:08.844996');
INSERT INTO "tabs" VALUES(206,'Post-Call Form','Bootstrap','2014-11-05 21:39:09.478619','2014-11-05 21:39:09.478619');
INSERT INTO "tabs" VALUES(207,'Mega Menu','Bootstrap','2014-11-05 21:40:33.746759','2014-11-05 21:40:33.746759');
INSERT INTO "tabs" VALUES(208,'Two','MM','2014-11-05 21:40:57.519534','2014-11-05 21:40:57.519534');
INSERT INTO "tabs" VALUES(209,'Three','MM','2014-11-05 21:40:58.525775','2014-11-05 21:40:58.525775');
INSERT INTO "tabs" VALUES(210,'Search','Bootstrap','2014-11-05 21:40:59.442726','2014-11-05 21:40:59.442726');
CREATE TABLE "users" ("id" INTEGER PRIMARY KEY AUTOINCREMENT NOT NULL, "username" varchar, "created_at" datetime NOT NULL, "updated_at" datetime NOT NULL, "jive_user_id" varchar, "employee_id" varchar, "client_id" integer);
INSERT INTO "users" VALUES(1,'TaylorSeed','2014-11-02 21:31:30.737024','2014-11-02 21:42:29.160699','1','1234567',NULL);
INSERT INTO "users" VALUES(2,'Frederik Jerde','2014-11-02 21:31:31.156627','2014-11-02 21:31:31.156627','554','7157624',NULL);
INSERT INTO "users" VALUES(3,'Weston Watsica','2014-11-02 21:31:31.352549','2014-11-02 21:31:31.352549','887','8530825',NULL);
INSERT INTO "users" VALUES(4,'Shaylee Maggio','2014-11-02 21:31:31.417995','2014-11-02 21:31:31.417995','442','0508937',NULL);
INSERT INTO "users" VALUES(5,'Kiera Cremin','2014-11-02 21:31:31.468569','2014-11-02 21:31:31.468569','340','9129224',NULL);
INSERT INTO "users" VALUES(6,'Freeman Kunze','2014-11-02 21:31:31.494154','2014-11-02 21:31:31.494154','897','4863998',NULL);
INSERT INTO "users" VALUES(7,'Hassan Lynch Jr.','2014-11-02 21:31:31.570698','2014-11-02 21:31:31.570698','861','6898984',NULL);
INSERT INTO "users" VALUES(8,'Ezra Mitchell','2014-11-02 21:31:31.583787','2014-11-02 21:31:31.583787','764','4483269',NULL);
INSERT INTO "users" VALUES(9,'Mr. Elliot Hartmann','2014-11-02 21:31:31.647131','2014-11-02 21:31:31.647131','614','5821690',NULL);
INSERT INTO "users" VALUES(10,'Laurence Reichert DVM','2014-11-02 21:31:31.690875','2014-11-02 21:31:31.690875','932','3653510',NULL);
INSERT INTO "users" VALUES(11,'Mary Gusikowski','2014-11-02 21:31:31.714411','2014-11-02 21:31:31.714411','895','0212243',NULL);
INSERT INTO "users" VALUES(12,'Yvonne Wilkinson','2014-11-02 21:31:31.730147','2014-11-02 21:31:31.730147','85','0824706',NULL);
INSERT INTO "users" VALUES(13,'Milford Hintz','2014-11-02 21:31:31.807200','2014-11-02 21:31:31.807200','12','8947428',NULL);
INSERT INTO "users" VALUES(14,'Jackie Stroman','2014-11-02 21:31:31.820641','2014-11-02 21:31:31.820641','498','1265472',NULL);
INSERT INTO "users" VALUES(15,'Ewald Walter','2014-11-02 21:31:31.935647','2014-11-02 21:31:31.935647','160','1333700',NULL);
INSERT INTO "users" VALUES(16,'Mrs. Kariane Gislason','2014-11-02 21:31:32.007544','2014-11-02 21:31:32.007544','515','2141918',NULL);
INSERT INTO "users" VALUES(17,'Liana McClure','2014-11-02 21:31:32.079035','2014-11-02 21:31:32.079035','378','9022132',NULL);
INSERT INTO "users" VALUES(18,'Mable Gaylord','2014-11-02 21:31:32.135597','2014-11-02 21:31:32.135597','107','5911683',NULL);
INSERT INTO "users" VALUES(19,'Keagan Grimes','2014-11-02 21:31:32.201024','2014-11-02 21:31:32.201024','564','3207913',NULL);
INSERT INTO "users" VALUES(20,'Ms. Lydia Langworth','2014-11-02 21:31:32.227370','2014-11-02 21:31:32.227370','302','1006395',NULL);
INSERT INTO "users" VALUES(21,'Guillermo Hills','2014-11-02 21:31:32.314276','2014-11-02 21:31:32.314276','976','5755613',NULL);
INSERT INTO "users" VALUES(22,'Alexys DuBuque PhD','2014-11-02 21:31:32.376937','2014-11-02 21:31:32.376937','447','7529032',NULL);
INSERT INTO "users" VALUES(23,'Rhiannon Pfannerstill','2014-11-02 21:31:32.402371','2014-11-02 21:31:32.402371','999','5565184',NULL);
INSERT INTO "users" VALUES(24,'Maye Schimmel V','2014-11-02 21:31:32.492057','2014-11-02 21:31:32.492057','358','0324869',NULL);
INSERT INTO "users" VALUES(25,'Neva Kuvalis','2014-11-02 21:31:32.567958','2014-11-02 21:31:32.567958','550','7017844',NULL);
INSERT INTO "users" VALUES(26,'Stanley Dicki','2014-11-02 21:31:32.606586','2014-11-02 21:31:32.606586','16','8316319',NULL);
INSERT INTO "users" VALUES(27,'Renee Terry V','2014-11-02 21:31:32.645865','2014-11-02 21:31:32.645865','278','0005561',NULL);
INSERT INTO "users" VALUES(28,'Aidan Kshlerin','2014-11-02 21:31:32.763000','2014-11-02 21:31:32.763000','875','2421206',NULL);
INSERT INTO "users" VALUES(29,'Hester Moore','2014-11-02 21:31:32.797707','2014-11-02 21:31:32.797707','541','9055622',NULL);
INSERT INTO "users" VALUES(30,'Carlotta Greenfelder','2014-11-02 21:31:32.835714','2014-11-02 21:31:32.835714','368','1551258',NULL);
INSERT INTO "users" VALUES(31,'Martin Ebert','2014-11-02 21:31:32.895113','2014-11-02 21:31:32.895113','674','7869375',NULL);
INSERT INTO "users" VALUES(32,'Mr. Cynthia Green','2014-11-02 21:31:32.921448','2014-11-02 21:31:32.921448','739','0805255',NULL);
INSERT INTO "users" VALUES(33,'Kyler Erdman','2014-11-02 21:31:32.970082','2014-11-02 21:31:32.970082','759','3176478',NULL);
INSERT INTO "users" VALUES(34,'Maribel Balistreri','2014-11-02 21:31:32.982976','2014-11-02 21:31:32.982976','597','1083141',NULL);
INSERT INTO "users" VALUES(35,'Ola Rowe','2014-11-02 21:31:33.038281','2014-11-02 21:31:33.038281','917','7282186',NULL);
INSERT INTO "users" VALUES(36,'Durward Crona Sr.','2014-11-02 21:31:33.112354','2014-11-02 21:31:33.112354','291','7578006',NULL);
INSERT INTO "users" VALUES(37,'Vallie Jacobi','2014-11-02 21:31:33.171041','2014-11-02 21:31:33.171041','429','8919271',NULL);
INSERT INTO "users" VALUES(38,'Thaddeus Morar','2014-11-02 21:31:33.235874','2014-11-02 21:31:33.235874','696','3394917',NULL);
INSERT INTO "users" VALUES(39,'Kimberly Rutherford','2014-11-02 21:31:33.255003','2014-11-02 21:31:33.255003','182','6187873',NULL);
INSERT INTO "users" VALUES(40,'Alison Hamill','2014-11-02 21:31:33.286803','2014-11-02 21:31:33.286803','123','8123718',NULL);
INSERT INTO "users" VALUES(41,'Ms. Alexis Larkin','2014-11-02 21:31:33.316175','2014-11-02 21:31:33.316175','732','2227880',NULL);
INSERT INTO "users" VALUES(42,'Kayla Marquardt','2014-11-02 21:31:33.347311','2014-11-02 21:31:33.347311','880','4572972',NULL);
INSERT INTO "users" VALUES(43,'Clifford Jenkins DVM','2014-11-02 21:31:33.371942','2014-11-02 21:31:33.371942','13','1284219',NULL);
INSERT INTO "users" VALUES(44,'Dane Green','2014-11-02 21:31:33.398198','2014-11-02 21:31:33.398198','97','0498008',NULL);
INSERT INTO "users" VALUES(45,'Georgette Jakubowski','2014-11-02 21:31:33.424529','2014-11-02 21:31:33.424529','999','0494123',NULL);
INSERT INTO "users" VALUES(46,'Ms. Tito Fay','2014-11-02 21:31:33.451932','2014-11-02 21:31:33.451932','50','5338713',NULL);
INSERT INTO "users" VALUES(47,'Barry Raynor','2014-11-02 21:31:33.465793','2014-11-02 21:31:33.465793','347','2195849',NULL);
INSERT INTO "users" VALUES(48,'Johathan Bernhard','2014-11-02 21:31:33.484118','2014-11-02 21:31:33.484118','803','2182427',NULL);
INSERT INTO "users" VALUES(49,'Amir Konopelski','2014-11-02 21:31:33.640561','2014-11-02 21:31:33.640561','202','9606942',NULL);
INSERT INTO "users" VALUES(50,'Jensen Kohler','2014-11-02 21:31:33.738828','2014-11-02 21:31:33.738828','314','8610162',NULL);
INSERT INTO "users" VALUES(51,'Florencio Boyer','2014-11-02 21:31:33.800300','2014-11-02 21:31:33.800300','880','7761442',NULL);
INSERT INTO "users" VALUES(52,'Stella Waters','2014-11-02 21:31:33.861999','2014-11-02 21:31:33.861999','485','0587614',NULL);
INSERT INTO "users" VALUES(53,'Shad Bartell','2014-11-02 21:31:33.891891','2014-11-02 21:31:33.891891','750','5298170',NULL);
INSERT INTO "users" VALUES(54,'Alba West Sr.','2014-11-02 21:31:33.950595','2014-11-02 21:31:33.950595','231','9848038',NULL);
INSERT INTO "users" VALUES(55,'Gretchen Gutmann','2014-11-02 21:31:34.021272','2014-11-02 21:31:34.021272','161','4112794',NULL);
INSERT INTO "users" VALUES(56,'Ms. Bobby Farrell','2014-11-02 21:31:34.141047','2014-11-02 21:31:34.141047','924','1775178',NULL);
INSERT INTO "users" VALUES(57,'Anthony Cartwright III','2014-11-02 21:31:34.205329','2014-11-02 21:31:34.205329','963','7092252',NULL);
INSERT INTO "users" VALUES(58,'Kelsi Schulist','2014-11-02 21:31:34.256296','2014-11-02 21:31:34.256296','50','1802487',NULL);
INSERT INTO "users" VALUES(59,'Ericka Oberbrunner','2014-11-02 21:31:34.291305','2014-11-02 21:31:34.291305','772','9560843',NULL);
INSERT INTO "users" VALUES(60,'Susanna Thiel','2014-11-02 21:31:34.306889','2014-11-02 21:31:34.306889','640','0541362',NULL);
INSERT INTO "users" VALUES(61,'Francis Torp','2014-11-02 21:31:34.364940','2014-11-02 21:31:34.364940','829','9265914',NULL);
INSERT INTO "users" VALUES(62,'Sam Crooks','2014-11-02 21:31:34.442089','2014-11-02 21:31:34.442089','660','3281270',NULL);
INSERT INTO "users" VALUES(63,'Bella Stiedemann','2014-11-02 21:31:34.543545','2014-11-02 21:31:34.543545','465','3814429',NULL);
INSERT INTO "users" VALUES(64,'Ike Parisian','2014-11-02 21:31:34.562643','2014-11-02 21:31:34.562643','568','8736335',NULL);
INSERT INTO "users" VALUES(65,'Krystel Schoen','2014-11-02 21:31:34.596166','2014-11-02 21:31:34.596166','495','1741029',NULL);
INSERT INTO "users" VALUES(66,'Herminia Ferry','2014-11-02 21:31:34.634663','2014-11-02 21:31:34.634663','335','6906191',NULL);
INSERT INTO "users" VALUES(67,'Ramona Leuschke','2014-11-02 21:31:34.699361','2014-11-02 21:31:34.699361','673','2578908',NULL);
INSERT INTO "users" VALUES(68,'Mrs. Deion Reichel','2014-11-02 21:31:34.775519','2014-11-02 21:31:34.775519','82','3235317',NULL);
INSERT INTO "users" VALUES(69,'Felix Tremblay','2014-11-02 21:31:34.814064','2014-11-02 21:31:34.814064','287','2298850',NULL);
INSERT INTO "users" VALUES(70,'Mariah Sporer','2014-11-02 21:31:34.852112','2014-11-02 21:31:34.852112','322','9147495',NULL);
INSERT INTO "users" VALUES(71,'Rene Hahn','2014-11-02 21:31:34.908446','2014-11-02 21:31:34.908446','288','6201921',NULL);
INSERT INTO "users" VALUES(72,'Carmine Feil','2014-11-02 21:31:34.958779','2014-11-02 21:31:34.958779','95','1453709',NULL);
INSERT INTO "users" VALUES(73,'Mrs. Drew Ritchie','2014-11-02 21:31:35.022958','2014-11-02 21:31:35.022958','246','3301836',NULL);
INSERT INTO "users" VALUES(74,'Leanna Satterfield','2014-11-02 21:31:35.041873','2014-11-02 21:31:35.041873','859','4712691',NULL);
INSERT INTO "users" VALUES(75,'Dejah Kessler','2014-11-02 21:31:35.067535','2014-11-02 21:31:35.067535','789','9134362',NULL);
INSERT INTO "users" VALUES(76,'Berneice Schneider','2014-11-02 21:31:35.128782','2014-11-02 21:31:35.128782','650','5427743',NULL);
INSERT INTO "users" VALUES(77,'Delpha Gaylord','2014-11-02 21:31:35.186721','2014-11-02 21:31:35.186721','508','2948388',NULL);
INSERT INTO "users" VALUES(78,'Gennaro Tillman','2014-11-02 21:31:35.232559','2014-11-02 21:31:35.232559','326','2310368',NULL);
INSERT INTO "users" VALUES(79,'Malika Smith','2014-11-02 21:31:35.245356','2014-11-02 21:31:35.245356','48','9297486',NULL);
INSERT INTO "users" VALUES(80,'Zachary Carter','2014-11-02 21:31:35.379746','2014-11-02 21:31:35.379746','745','6153430',NULL);
INSERT INTO "users" VALUES(81,'Helmer Corkery','2014-11-02 21:31:35.393145','2014-11-02 21:31:35.393145','818','5089910',NULL);
INSERT INTO "users" VALUES(82,'Ophelia Crona','2014-11-02 21:31:35.419646','2014-11-02 21:31:35.419646','79','0219340',NULL);
INSERT INTO "users" VALUES(83,'Miss Deron Daniel','2014-11-02 21:31:35.470836','2014-11-02 21:31:35.470836','298','1375483',NULL);
INSERT INTO "users" VALUES(84,'Alene O''Connell','2014-11-02 21:31:35.544220','2014-11-02 21:31:35.544220','418','6776941',NULL);
INSERT INTO "users" VALUES(85,'Pietro Walter','2014-11-02 21:31:35.626932','2014-11-02 21:31:35.626932','315','7075742',NULL);
INSERT INTO "users" VALUES(86,'Rosemarie Legros','2014-11-02 21:31:35.651970','2014-11-02 21:31:35.651970','810','4991759',NULL);
INSERT INTO "users" VALUES(87,'Julianne Kuphal','2014-11-02 21:31:35.670458','2014-11-02 21:31:35.670458','478','4828227',NULL);
INSERT INTO "users" VALUES(88,'Dr. Rafaela MacGyver','2014-11-02 21:31:35.714953','2014-11-02 21:31:35.714953','153','6576342',NULL);
INSERT INTO "users" VALUES(89,'Ms. Bridget Volkman','2014-11-02 21:31:35.747122','2014-11-02 21:31:35.747122','818','1182708',NULL);
INSERT INTO "users" VALUES(90,'Leonardo Gerlach','2014-11-02 21:31:35.822829','2014-11-02 21:31:35.822829','566','8227444',NULL);
INSERT INTO "users" VALUES(91,'Dr. Dashawn Schaden','2014-11-02 21:31:35.897746','2014-11-02 21:31:35.897746','943','9157136',NULL);
INSERT INTO "users" VALUES(92,'Eileen Fisher','2014-11-02 21:31:35.955776','2014-11-02 21:31:35.955776','61','9344973',NULL);
INSERT INTO "users" VALUES(93,'Nadia Ebert','2014-11-02 21:31:36.010731','2014-11-02 21:31:36.010731','847','0782827',NULL);
INSERT INTO "users" VALUES(94,'Carlos Beatty','2014-11-02 21:31:36.023611','2014-11-02 21:31:36.023611','896','6522903',NULL);
INSERT INTO "users" VALUES(95,'Chauncey Sporer','2014-11-02 21:31:36.073274','2014-11-02 21:31:36.073274','152','4612616',NULL);
INSERT INTO "users" VALUES(96,'Gerard Wisoky DDS','2014-11-02 21:31:36.220871','2014-11-02 21:31:36.220871','464','8079754',NULL);
INSERT INTO "users" VALUES(97,'Alanis Jakubowski','2014-11-02 21:31:36.272615','2014-11-02 21:31:36.272615','786','3877551',NULL);
INSERT INTO "users" VALUES(98,'Janiya Schoen','2014-11-02 21:31:36.333362','2014-11-02 21:31:36.333362','957','6578433',NULL);
INSERT INTO "users" VALUES(99,'Dr. Abner Runolfsdottir','2014-11-02 21:31:36.397738','2014-11-02 21:31:36.397738','701','4845030',NULL);
INSERT INTO "users" VALUES(100,'Nickolas Beahan','2014-11-02 21:31:36.423463','2014-11-02 21:31:36.423463','676','1732414',NULL);
CREATE TABLE "schema_migrations" ("version" varchar NOT NULL);
INSERT INTO "schema_migrations" VALUES('20141102184212');
INSERT INTO "schema_migrations" VALUES('20141028214130');
INSERT INTO "schema_migrations" VALUES('20141031001431');
INSERT INTO "schema_migrations" VALUES('20141031002722');
INSERT INTO "schema_migrations" VALUES('20141031003705');
INSERT INTO "schema_migrations" VALUES('20141031004018');
INSERT INTO "schema_migrations" VALUES('20141031044401');
INSERT INTO "schema_migrations" VALUES('20141031050431');
INSERT INTO "schema_migrations" VALUES('20141031194713');
INSERT INTO "schema_migrations" VALUES('20141031195243');
INSERT INTO "schema_migrations" VALUES('20141031200739');
INSERT INTO "schema_migrations" VALUES('20141031203845');
INSERT INTO "schema_migrations" VALUES('20141031220840');
INSERT INTO "schema_migrations" VALUES('20141101174933');
INSERT INTO "schema_migrations" VALUES('20141101200332');
INSERT INTO "schema_migrations" VALUES('20141102215809');
INSERT INTO "schema_migrations" VALUES('20141103001302');
INSERT INTO "schema_migrations" VALUES('20141113003122');
INSERT INTO "schema_migrations" VALUES('20141113003200');
INSERT INTO "schema_migrations" VALUES('20141113003808');
INSERT INTO "schema_migrations" VALUES('20141113003838');
INSERT INTO "schema_migrations" VALUES('20141113003952');
INSERT INTO "schema_migrations" VALUES('20141113013139');
CREATE TABLE "clients" ("id" INTEGER PRIMARY KEY AUTOINCREMENT NOT NULL, "name" varchar, "created_at" datetime NOT NULL, "updated_at" datetime NOT NULL);
INSERT INTO "clients" VALUES(1,'WW','2014-11-02 21:59:17.827311','2014-11-02 21:59:17.827311');
INSERT INTO "clients" VALUES(2,'Hyundai','2014-11-02 21:59:23.232030','2014-11-02 21:59:23.232030');
INSERT INTO "clients" VALUES(3,'HRSA','2014-11-02 21:59:29.215854','2014-11-02 21:59:29.215854');
INSERT INTO "clients" VALUES(4,'CDC','2014-11-02 21:59:33.181663','2014-11-02 21:59:33.181663');
INSERT INTO "clients" VALUES(5,'ARC','2014-11-02 21:59:39.302982','2014-11-02 21:59:39.302982');
INSERT INTO "clients" VALUES(6,'Spark','2014-11-03 00:10:57.509641','2014-11-03 00:10:57.509641');
INSERT INTO "clients" VALUES(7,'Fairfax','2014-11-03 00:11:02.018700','2014-11-03 00:11:02.018700');
CREATE TABLE "primary_topics" ("id" INTEGER PRIMARY KEY AUTOINCREMENT NOT NULL, "name" varchar, "created_at" datetime NOT NULL, "updated_at" datetime NOT NULL);
INSERT INTO "primary_topics" VALUES(1,'Program','2014-11-13 01:25:34.291690','2014-11-13 01:25:34.291690');
INSERT INTO "primary_topics" VALUES(2,'Product','2014-11-13 01:25:43.168493','2014-11-13 01:25:43.168493');
INSERT INTO "primary_topics" VALUES(3,'Policies','2014-11-13 01:25:50.481121','2014-11-13 01:25:50.481121');
INSERT INTO "primary_topics" VALUES(4,'Tech','2014-11-13 01:25:57.817296','2014-11-13 01:25:57.817296');
CREATE TABLE "contents" ("id" INTEGER PRIMARY KEY AUTOINCREMENT NOT NULL, "name" varchar, "link" varchar, "subtopic_id" integer, "native" boolean, "original_doc" varchar, "summary" varchar, "created_at" datetime NOT NULL, "updated_at" datetime NOT NULL);
CREATE TABLE "secondary_topics" ("id" INTEGER PRIMARY KEY AUTOINCREMENT NOT NULL, "name" varchar, "primary_topic_id" integer, "created_at" datetime NOT NULL, "updated_at" datetime NOT NULL);
INSERT INTO "secondary_topics" VALUES(1,'Program Materials',1,'2014-11-13 01:29:27.365250','2014-11-13 01:29:27.365250');
INSERT INTO "secondary_topics" VALUES(2,'PointsPlus Program',1,'2014-11-13 03:20:52.570597','2014-11-13 03:20:52.570597');
INSERT INTO "secondary_topics" VALUES(3,'Management/Nutrition',1,'2014-11-13 03:20:52.581650','2014-11-13 03:20:52.581650');
INSERT INTO "secondary_topics" VALUES(4,'Diet/Medical Needs',1,'2014-11-13 03:20:52.585618','2014-11-13 03:20:52.585618');
INSERT INTO "secondary_topics" VALUES(5,'eTools',1,'2014-11-13 03:20:52.588885','2014-11-13 03:20:52.588885');
INSERT INTO "secondary_topics" VALUES(6,'Online Membership',1,'2014-11-13 03:20:52.592388','2014-11-13 03:20:52.592388');
INSERT INTO "secondary_topics" VALUES(7,'Member FAQS',1,'2014-11-13 03:20:52.595631','2014-11-13 03:20:52.595631');
INSERT INTO "secondary_topics" VALUES(8,'24/7 Chat',2,'2014-11-13 03:22:22.468914','2014-11-13 03:22:22.468914');
INSERT INTO "secondary_topics" VALUES(9,'Personal Coaching',2,'2014-11-13 03:22:22.474679','2014-11-13 03:22:22.474679');
INSERT INTO "secondary_topics" VALUES(10,'Escalation Process',3,'2014-11-13 03:23:44.163469','2014-11-13 03:23:44.163469');
INSERT INTO "secondary_topics" VALUES(11,'Transfer Process',3,'2014-11-13 03:23:44.168502','2014-11-13 03:23:44.168502');
INSERT INTO "secondary_topics" VALUES(12,'Cancellation Process',3,'2014-11-13 03:23:44.172374','2014-11-13 03:23:44.172374');
INSERT INTO "secondary_topics" VALUES(13,'Certification Process',3,'2014-11-13 03:23:44.175955','2014-11-13 03:23:44.175955');
INSERT INTO "secondary_topics" VALUES(14,'Coach FAQs',3,'2014-11-13 03:23:44.180616','2014-11-13 03:23:44.180616');
INSERT INTO "secondary_topics" VALUES(15,'Platform Setup',4,'2014-11-13 03:24:07.199706','2014-11-13 03:24:07.199706');
CREATE TABLE "subtopics" ("id" INTEGER PRIMARY KEY AUTOINCREMENT NOT NULL, "name" varchar, "created_at" datetime NOT NULL, "updated_at" datetime NOT NULL, "secondary_topic_id" integer);
INSERT INTO "subtopics" VALUES(1,'Member Materials (new for 2015)','2014-11-13 03:25:39.317031','2014-11-13 03:25:39.317031',1);
INSERT INTO "subtopics" VALUES(2,'Member Materials (unchanged)','2014-11-13 03:25:39.321122','2014-11-13 03:25:39.321122',1);
INSERT INTO "subtopics" VALUES(3,'Orientation Materials (2015)','2014-11-13 03:25:39.323986','2014-11-13 03:25:39.323986',1);
INSERT INTO "subtopics" VALUES(4,'PointsPlus Tutorial','2014-11-13 03:32:04.793398','2014-11-13 03:32:04.793398',2);
INSERT INTO "subtopics" VALUES(5,'DPT','2014-11-13 03:32:04.798122','2014-11-13 03:32:04.798122',2);
INSERT INTO "subtopics" VALUES(6,'PPVs','2014-11-13 03:32:04.801358','2014-11-13 03:32:04.801358',2);
INSERT INTO "subtopics" VALUES(7,'Good Health Guidelines','2014-11-13 03:32:04.804515','2014-11-13 03:32:04.804515',2);
INSERT INTO "subtopics" VALUES(8,'Goal Weight','2014-11-13 03:32:04.808354','2014-11-13 03:32:04.808354',2);
INSERT INTO "subtopics" VALUES(9,'Power Foods List','2014-11-13 03:32:04.811992','2014-11-13 03:32:04.811992',2);
INSERT INTO "subtopics" VALUES(10,'Lifetime Membership','2014-11-13 03:32:04.815094','2014-11-13 03:32:04.815094',2);
INSERT INTO "subtopics" VALUES(11,'Safe Rate of Weight Loss','2014-11-13 03:32:04.818147','2014-11-13 03:32:04.818147',2);
INSERT INTO "subtopics" VALUES(12,'Food/Beverages','2014-11-13 03:32:04.821162','2014-11-13 03:32:04.821162',2);
INSERT INTO "subtopics" VALUES(13,'Nursing Moms','2014-11-13 03:32:04.824719','2014-11-13 03:32:04.824719',2);
INSERT INTO "subtopics" VALUES(14,'Young People','2014-11-13 03:32:04.833715','2014-11-13 03:32:04.833715',2);
INSERT INTO "subtopics" VALUES(15,'Activity','2014-11-13 03:32:04.837797','2014-11-13 03:32:04.837797',2);
INSERT INTO "subtopics" VALUES(16,'Understanding Body Weight','2014-11-13 03:35:23.145004','2014-11-13 03:35:23.145004',3);
INSERT INTO "subtopics" VALUES(17,'Nutrition Basics','2014-11-13 03:35:23.149974','2014-11-13 03:35:23.149974',3);
INSERT INTO "subtopics" VALUES(18,'Cooking Techniques','2014-11-13 03:35:23.153619','2014-11-13 03:35:23.153619',3);
INSERT INTO "subtopics" VALUES(19,'Stocking the Kitchen','2014-11-13 03:35:23.157753','2014-11-13 03:35:23.157753',3);
INSERT INTO "subtopics" VALUES(20,'Eating Out','2014-11-13 03:35:23.161726','2014-11-13 03:35:23.161726',3);
INSERT INTO "subtopics" VALUES(21,'Activity','2014-11-13 03:35:23.165834','2014-11-13 03:35:23.165834',3);
INSERT INTO "subtopics" VALUES(22,'Menopause','2014-11-13 03:35:23.169773','2014-11-13 03:35:23.169773',3);
INSERT INTO "subtopics" VALUES(23,'Aging','2014-11-13 03:35:23.173756','2014-11-13 03:35:23.173756',3);
INSERT INTO "subtopics" VALUES(24,'Smoking Cessation','2014-11-13 03:35:23.177891','2014-11-13 03:35:23.177891',3);
INSERT INTO "subtopics" VALUES(25,'Plateaus','2014-11-13 03:35:23.182164','2014-11-13 03:35:23.182164',3);
INSERT INTO "subtopics" VALUES(26,'Gluten Free','2014-11-13 03:36:32.925481','2014-11-13 03:36:32.925481',4);
INSERT INTO "subtopics" VALUES(27,'Vegetarians','2014-11-13 03:36:32.931240','2014-11-13 03:36:32.931240',4);
INSERT INTO "subtopics" VALUES(28,'Men','2014-11-13 03:36:32.935568','2014-11-13 03:36:32.935568',4);
INSERT INTO "subtopics" VALUES(29,'Diabetes','2014-11-13 03:36:32.939028','2014-11-13 03:36:32.939028',4);
INSERT INTO "subtopics" VALUES(30,'Weighing In','2014-11-13 03:38:24.546268','2014-11-13 03:38:24.546268',7);
INSERT INTO "subtopics" VALUES(31,'Tracking','2014-11-13 03:38:24.551677','2014-11-13 03:38:24.551677',7);
INSERT INTO "subtopics" VALUES(32,'Meetings','2014-11-13 03:38:24.555177','2014-11-13 03:38:24.555177',7);
INSERT INTO "subtopics" VALUES(33,'Eating At Night','2014-11-13 03:38:24.558688','2014-11-13 03:38:24.558688',7);
INSERT INTO "subtopics" VALUES(34,'Weekly PPVs','2014-11-13 03:38:24.562183','2014-11-13 03:38:24.562183',7);
INSERT INTO "subtopics" VALUES(35,'Suggestions for Eating Out','2014-11-13 03:38:24.565141','2014-11-13 03:38:24.565141',7);
INSERT INTO "subtopics" VALUES(36,'Definition of Product','2014-11-13 03:39:23.965573','2014-11-13 03:39:23.965573',8);
INSERT INTO "subtopics" VALUES(37,'Role of 24/7 Chat Coach','2014-11-13 03:39:23.970612','2014-11-13 03:39:23.970612',8);
INSERT INTO "subtopics" VALUES(38,'Chat Scripts','2014-11-13 03:39:23.973994','2014-11-13 03:39:23.973994',8);
INSERT INTO "subtopics" VALUES(39,'Definition of Product','2014-11-13 03:41:07.379763','2014-11-13 03:41:07.379763',9);
INSERT INTO "subtopics" VALUES(40,'Role of Personal Coach','2014-11-13 03:41:07.385580','2014-11-13 03:41:07.385580',9);
INSERT INTO "subtopics" VALUES(41,'Call Flows','2014-11-13 03:41:07.389057','2014-11-13 03:41:07.389057',9);
INSERT INTO "subtopics" VALUES(42,'Chat Platform','2014-11-13 03:41:58.187745','2014-11-13 03:41:58.187745',15);
INSERT INTO "subtopics" VALUES(43,'Personal Coaching Platform','2014-11-13 03:41:58.193162','2014-11-13 03:41:58.193162',15);
DELETE FROM sqlite_sequence;
INSERT INTO "sqlite_sequence" VALUES('users',100);
INSERT INTO "sqlite_sequence" VALUES('calls',102);
INSERT INTO "sqlite_sequence" VALUES('docs',205);
INSERT INTO "sqlite_sequence" VALUES('clicks',614);
INSERT INTO "sqlite_sequence" VALUES('searches',199);
INSERT INTO "sqlite_sequence" VALUES('tabs',210);
INSERT INTO "sqlite_sequence" VALUES('clients',7);
INSERT INTO "sqlite_sequence" VALUES('primary_topics',4);
INSERT INTO "sqlite_sequence" VALUES('secondary_topics',15);
INSERT INTO "sqlite_sequence" VALUES('subtopics',43);
INSERT INTO "sqlite_sequence" VALUES('contents',2);
CREATE INDEX "index_clicks_on_action_id_and_action_type" ON "clicks" ("action_id", "action_type");
CREATE UNIQUE INDEX "unique_schema_migrations" ON "schema_migrations" ("version");
COMMIT;
